shipment_id,date,region,warehouse,transport_mode,distance_km,shipment_volume_kg,promised_delivery_days,actual_delivery_days,delay_days,is_delayed,transportation_cost,fuel_surcharge_pct,customer_satisfaction,damaged_or_lost
SHP-01029,2025-01-01,North,WH-Delhi,Road,1345.2,154.7,16.36,16.34,-0.02,False,712.26,3.1,5,0
SHP-00849,2025-01-01,East,WH-Mumbai,Air,1819.1,162.0,6.16,6.31,0.15,True,3212.28,9.5,5,0
SHP-00756,2025-01-01,East,WH-Chennai,Rail,1910.1,605.1,13.8,14.08,0.28,True,786.07,7.3,5,0
SHP-00992,2025-01-01,East,WH-Chennai,Road,1226.5,249.9,15.76,15.71,-0.05,False,820.17,3.6,4,0
SHP-00447,2025-01-01,North,WH-Mumbai,Road,2507.4,692.2,26.36,31.41,5.05,True,1837.29,7.9,3,0
SHP-01165,2025-01-01,South,WH-Bhopal,Rail,1594.4,225.0,12.99,14.06,1.07,True,610.32,4.9,4,0
SHP-00649,2025-01-01,South,WH-Bhopal,Road,2306.4,210.8,30.11,30.13,0.02,True,1269.41,6.2,5,0
SHP-00678,2025-01-01,Central,WH-Delhi,Sea,830.7,625.0,7.59,7.61,0.02,True,409.14,9.8,4,0
SHP-00064,2025-01-02,East,WH-Delhi,Rail,147.2,467.0,2.42,2.72,0.3,True,316.2,3.4,5,0
SHP-00207,2025-01-02,North,WH-Chennai,Road,1730.0,30.8,19.17,21.91,2.74,True,862.9,7.2,3,0
SHP-00264,2025-01-02,Central,WH-Bhopal,Road,2483.3,643.4,30.38,30.3,-0.08,False,1743.22,11.7,4,0
SHP-00896,2025-01-03,Central,WH-Chennai,Road,1368.0,623.3,16.35,19.65,3.3,True,1191.71,8.6,4,0
SHP-00969,2025-01-04,North,WH-Kolkata,Rail,454.1,1045.6,4.27,4.29,0.02,True,659.91,11.2,4,0
SHP-00949,2025-01-04,North,WH-Mumbai,Rail,740.3,735.4,8.87,9.18,0.31,True,666.12,8.4,4,0
SHP-00326,2025-01-04,West,WH-Bhopal,Road,1877.7,343.8,21.55,23.08,1.53,True,1285.42,6.9,4,0
SHP-00497,2025-01-04,North,WH-Delhi,Rail,2257.7,545.8,15.59,19.67,4.08,True,1025.34,8.4,3,0
SHP-01045,2025-01-05,North,WH-Kolkata,Rail,79.0,1320.6,1.09,1.2,0.11,True,672.32,4.5,4,0
SHP-01092,2025-01-05,East,WH-Bhopal,Air,103.3,63.2,2.03,2.25,0.22,True,358.17,6.5,5,0
SHP-00416,2025-01-05,South,WH-Bhopal,Road,2589.4,117.3,31.95,31.62,-0.33,False,1353.67,2.4,4,0
SHP-00614,2025-01-05,East,WH-Kolkata,Road,2654.2,373.3,32.8,31.71,-1.09,False,1615.97,7.3,4,1
SHP-00129,2025-01-05,East,WH-Mumbai,Rail,953.3,655.5,10.12,10.43,0.31,True,550.19,3.9,4,0
SHP-00721,2025-01-05,South,WH-Delhi,Road,443.7,115.9,5.38,6.44,1.06,True,227.93,7.6,4,0
SHP-00843,2025-01-05,East,WH-Bhopal,Road,1236.7,359.0,13.57,14.94,1.37,True,822.3,4.8,4,0
SHP-00965,2025-01-06,South,WH-Chennai,Rail,1003.1,812.9,10.16,10.09,-0.07,False,616.89,6.9,5,0
SHP-00335,2025-01-06,East,WH-Chennai,Rail,2052.4,1119.4,14.66,17.4,2.74,True,1318.51,5.2,3,0
SHP-00742,2025-01-06,South,WH-Chennai,Air,2811.9,183.6,8.25,9.71,1.46,True,4879.18,10.9,4,0
SHP-00935,2025-01-06,West,WH-Kolkata,Road,2745.6,119.7,31.81,34.64,2.83,True,1473.89,5.2,3,0
SHP-00606,2025-01-07,North,WH-Kolkata,Road,479.4,317.2,6.29,6.19,-0.1,False,487.58,7.0,4,0
SHP-00895,2025-01-07,North,WH-Bhopal,Rail,2318.5,197.6,18.13,18.35,0.22,True,877.81,8.8,5,0
SHP-00688,2025-01-08,South,WH-Delhi,Road,96.8,167.2,1.8,2.08,0.28,True,87.67,11.2,4,0
SHP-00876,2025-01-08,Central,WH-Chennai,Rail,2948.9,1267.6,20.27,24.47,4.2,True,1570.64,6.3,3,0
SHP-00829,2025-01-08,North,WH-Mumbai,Road,399.2,66.5,5.04,5.3,0.26,True,253.05,6.7,4,0
SHP-00098,2025-01-09,Central,WH-Mumbai,Rail,2118.0,782.5,15.36,18.61,3.25,True,997.77,4.6,4,0
SHP-00602,2025-01-09,North,WH-Mumbai,Road,2202.1,322.0,22.75,29.05,6.3,True,1381.37,6.3,3,0
SHP-00270,2025-01-09,North,WH-Kolkata,Road,2887.5,541.9,36.23,36.22,-0.01,False,1893.58,8.9,5,0
SHP-01004,2025-01-10,East,WH-Delhi,Road,2248.2,124.2,23.62,26.94,3.32,True,1183.19,5.7,3,0
SHP-00485,2025-01-10,Central,WH-Chennai,Air,2060.3,114.4,6.86,7.02,0.16,True,3494.67,6.6,4,0
SHP-01091,2025-01-10,East,WH-Delhi,Air,2370.1,110.1,8.35,8.63,0.28,True,3942.93,5.1,4,0
SHP-00715,2025-01-10,North,WH-Kolkata,Sea,1713.4,481.1,11.05,11.96,0.91,True,425.86,6.4,4,0
SHP-01123,2025-01-11,West,WH-Bhopal,Road,1675.9,265.3,17.48,22.82,5.34,True,1062.0,10.2,3,0
SHP-00682,2025-01-12,Central,WH-Delhi,Air,1703.2,82.1,4.62,6.1,1.48,True,2800.62,8.6,5,0
SHP-00519,2025-01-12,South,WH-Chennai,Road,912.6,102.8,9.75,11.76,2.01,True,471.16,8.3,5,0
SHP-00852,2025-01-12,East,WH-Chennai,Rail,1019.9,152.5,10.33,10.38,0.05,True,329.16,11.1,5,0
SHP-00917,2025-01-13,Central,WH-Bhopal,Rail,2994.8,628.5,19.25,24.49,5.24,True,1240.25,2.2,3,0
SHP-01008,2025-01-13,North,WH-Mumbai,Road,2473.9,154.1,28.83,30.23,1.4,True,1392.23,4.6,5,0
SHP-00152,2025-01-13,West,WH-Mumbai,Sea,2432.8,589.4,12.87,16.05,3.18,True,537.27,9.9,4,0
SHP-00379,2025-01-13,West,WH-Mumbai,Road,939.1,465.6,11.68,12.94,1.26,True,854.67,5.8,4,0
SHP-00555,2025-01-13,South,WH-Bhopal,Road,710.1,248.5,9.31,9.4,0.09,True,548.1,11.6,4,0
SHP-00886,2025-01-14,North,WH-Bhopal,Sea,912.3,614.2,8.12,7.9,-0.22,False,310.73,10.8,5,0
SHP-00676,2025-01-14,North,WH-Mumbai,Road,2542.1,257.5,31.01,30.99,-0.02,False,1430.18,5.4,5,0
SHP-00051,2025-01-14,West,WH-Chennai,Air,107.4,72.9,1.33,1.5,0.17,True,301.83,5.3,4,0
SHP-00892,2025-01-14,East,WH-Kolkata,Rail,1325.0,975.6,12.28,12.44,0.16,True,934.62,7.9,5,0
SHP-01058,2025-01-14,North,WH-Bhopal,Road,2796.5,386.5,34.14,35.5,1.36,True,1706.67,10.3,4,0
SHP-00135,2025-01-15,North,WH-Kolkata,Road,1550.2,203.9,14.74,19.57,4.83,True,1011.54,8.7,3,0
SHP-01104,2025-01-15,West,WH-Delhi,Road,1047.5,365.9,11.62,13.35,1.73,True,889.24,9.8,4,0
SHP-01078,2025-01-15,East,WH-Bhopal,Road,384.7,89.5,4.61,4.89,0.28,True,241.43,8.6,4,0
SHP-00904,2025-01-15,North,WH-Chennai,Rail,976.6,303.1,8.7,8.83,0.13,True,494.09,2.2,4,0
SHP-00093,2025-01-15,Central,WH-Chennai,Rail,517.4,270.4,5.21,5.89,0.68,True,392.07,11.4,5,0
SHP-00498,2025-01-16,West,WH-Delhi,Road,2362.6,105.2,26.68,29.09,2.41,True,1190.43,8.2,4,0
SHP-00330,2025-01-17,South,WH-Kolkata,Rail,1955.0,757.1,14.13,17.29,3.16,True,986.41,8.1,3,0
SHP-01184,2025-01-17,North,WH-Delhi,Road,2324.6,514.4,30.4,29.31,-1.09,False,1589.32,2.7,5,0
SHP-00353,2025-01-18,South,WH-Chennai,Road,930.1,51.5,12.9,13.31,0.41,True,510.63,5.3,4,0
SHP-00567,2025-01-19,West,WH-Kolkata,Road,2482.6,209.3,24.05,29.69,5.64,True,1428.0,3.7,3,0
SHP-00637,2025-01-19,West,WH-Kolkata,Road,2177.8,282.5,28.65,27.9,-0.75,False,1284.75,9.9,5,0
SHP-00672,2025-01-20,West,WH-Mumbai,Road,2653.3,111.7,25.3,33.43,8.13,True,1402.15,11.4,1,0
SHP-00384,2025-01-20,Central,WH-Delhi,Road,1776.0,456.3,20.26,22.99,2.73,True,1170.45,11.7,3,0
SHP-00988,2025-01-20,Central,WH-Mumbai,Rail,2038.3,519.5,16.05,16.8,0.75,True,948.78,2.5,4,0
SHP-00045,2025-01-21,West,WH-Kolkata,Road,1046.6,352.8,12.51,13.13,0.62,True,695.67,11.4,4,0
SHP-00007,2025-01-21,North,WH-Delhi,Road,1869.8,249.8,18.77,23.7,4.93,True,1056.33,4.7,3,0
SHP-00026,2025-01-22,East,WH-Delhi,Air,2365.8,124.0,5.68,6.88,1.2,True,4031.63,7.1,4,0
SHP-00308,2025-01-22,West,WH-Bhopal,Road,338.7,600.2,6.41,6.56,0.15,True,735.98,11.5,4,0
SHP-00847,2025-01-22,Central,WH-Kolkata,Road,2954.1,217.5,39.12,37.61,-1.51,False,1704.88,7.3,4,0
SHP-00748,2025-01-23,South,WH-Chennai,Road,1961.7,401.6,18.18,24.09,5.91,True,1389.98,10.2,2,0
SHP-01063,2025-01-23,West,WH-Delhi,Sea,2684.2,126.6,15.82,16.65,0.83,True,595.7,2.4,4,0
SHP-01130,2025-01-23,North,WH-Chennai,Road,2033.0,636.2,22.97,27.11,4.14,True,1573.85,5.0,3,0
SHP-00483,2025-01-23,Central,WH-Mumbai,Road,2387.6,305.0,28.84,29.99,1.15,True,1462.42,11.8,5,0
SHP-01191,2025-01-25,North,WH-Delhi,Road,2783.3,181.5,34.44,34.75,0.31,True,1487.2,4.8,5,0
SHP-01178,2025-01-25,Central,WH-Chennai,Road,1722.7,492.0,18.92,20.43,1.51,True,1172.36,6.1,4,0
SHP-00915,2025-01-25,Central,WH-Chennai,Sea,383.8,655.2,4.09,4.91,0.82,True,284.67,4.2,5,0
SHP-00919,2025-01-25,North,WH-Bhopal,Road,192.6,293.5,2.28,3.03,0.75,True,321.9,2.7,4,0
SHP-00581,2025-01-25,South,WH-Mumbai,Air,2370.3,88.1,8.95,10.07,1.12,True,3872.44,4.3,4,0
SHP-00978,2025-01-26,West,WH-Kolkata,Road,2130.7,482.3,22.2,26.64,4.44,True,1527.13,7.5,2,0
SHP-00376,2025-01-26,North,WH-Delhi,Sea,429.3,507.5,3.58,3.68,0.1,True,195.71,10.1,5,1
SHP-00873,2025-01-26,West,WH-Kolkata,Rail,2138.0,1009.9,18.32,18.12,-0.2,False,1131.38,10.8,5,0
SHP-00317,2025-01-27,North,WH-Bhopal,Sea,625.4,36.9,6.17,8.0,1.83,True,125.54,7.7,4,0
SHP-00165,2025-01-28,West,WH-Bhopal,Rail,1440.5,233.9,12.06,11.82,-0.24,False,681.93,4.5,5,0
SHP-00887,2025-01-28,East,WH-Kolkata,Air,2442.7,38.2,8.04,7.8,-0.24,False,3806.9,2.5,5,0
SHP-00697,2025-01-28,North,WH-Bhopal,Sea,469.3,690.2,2.28,2.64,0.36,True,400.74,3.2,5,0
SHP-00907,2025-01-28,North,WH-Kolkata,Road,1904.2,290.5,24.17,25.05,0.88,True,1141.12,7.1,4,0
SHP-00110,2025-01-28,East,WH-Bhopal,Air,2739.2,18.4,10.71,10.31,-0.4,False,4370.64,7.3,4,0
SHP-00150,2025-01-29,West,WH-Mumbai,Rail,2462.7,312.1,23.26,22.45,-0.81,False,913.9,10.2,4,0
SHP-01153,2025-01-29,East,WH-Kolkata,Sea,1995.1,731.5,11.01,12.9,1.89,True,625.58,9.0,4,0
SHP-00615,2025-01-29,North,WH-Delhi,Air,2770.0,92.6,8.22,8.92,0.7,True,4540.19,9.2,5,0
SHP-00802,2025-01-30,West,WH-Chennai,Air,2160.0,99.0,6.99,7.91,0.92,True,3588.64,5.3,4,0
SHP-00960,2025-01-31,North,WH-Mumbai,Sea,1865.7,872.1,9.32,11.6,2.28,True,591.21,6.8,3,0
SHP-00508,2025-02-02,South,WH-Delhi,Road,1311.1,265.2,16.81,16.83,0.02,True,864.31,4.7,4,0
SHP-00306,2025-02-02,Central,WH-Chennai,Rail,2001.7,720.3,18.21,17.95,-0.26,False,954.07,2.7,4,0
SHP-00115,2025-02-02,South,WH-Chennai,Road,2757.4,109.9,33.07,33.99,0.92,True,1385.73,10.5,5,0
SHP-00855,2025-02-03,South,WH-Mumbai,Road,95.6,19.3,2.96,3.01,0.05,True,27.5,11.8,4,0
SHP-00762,2025-02-03,South,WH-Chennai,Sea,1933.4,564.9,14.18,13.61,-0.57,False,513.55,5.6,4,0
SHP-00928,2025-02-03,East,WH-Delhi,Rail,2007.3,387.7,15.06,17.61,2.55,True,744.27,10.3,4,0
SHP-00815,2025-02-03,North,WH-Delhi,Road,662.0,556.7,7.07,8.86,1.79,True,741.16,5.8,4,0
SHP-01028,2025-02-04,North,WH-Mumbai,Sea,2147.4,530.5,12.44,13.02,0.58,True,559.7,3.5,5,0
SHP-00124,2025-02-04,South,WH-Bhopal,Air,1890.7,15.6,7.42,7.57,0.15,True,2990.68,11.4,5,0
SHP-00524,2025-02-04,East,WH-Bhopal,Road,2885.9,504.4,28.3,34.31,6.01,True,1868.89,11.8,2,0
SHP-00327,2025-02-04,West,WH-Kolkata,Road,2042.8,434.5,20.61,25.21,4.6,True,1421.2,7.1,3,0
SHP-00709,2025-02-04,North,WH-Delhi,Air,2429.2,169.6,8.89,9.12,0.23,True,4295.38,2.8,5,0
SHP-00059,2025-02-04,North,WH-Delhi,Air,76.5,58.4,2.42,2.55,0.13,True,266.62,3.0,5,0
SHP-00151,2025-02-05,West,WH-Mumbai,Road,1071.5,112.7,12.06,13.75,1.69,True,605.94,11.2,4,0
SHP-00382,2025-02-05,North,WH-Delhi,Road,1433.7,1249.4,14.0,15.59,1.59,True,1680.76,8.3,4,0
SHP-00963,2025-02-05,South,WH-Delhi,Road,963.7,579.2,10.69,12.08,1.39,True,969.17,11.9,4,0
SHP-00546,2025-02-05,South,WH-Bhopal,Rail,2505.1,322.3,19.79,21.97,2.18,True,857.24,3.0,4,0
SHP-00338,2025-02-06,North,WH-Mumbai,Air,2132.7,162.8,7.76,9.88,2.12,True,3772.57,10.6,4,0
SHP-00268,2025-02-06,West,WH-Chennai,Rail,1686.7,542.0,12.63,15.05,2.42,True,751.74,8.5,4,0
SHP-00552,2025-02-06,North,WH-Chennai,Air,2134.8,176.5,7.0,8.73,1.73,True,3841.02,10.9,4,0
SHP-01127,2025-02-07,North,WH-Bhopal,Sea,2354.7,634.9,13.73,14.1,0.37,True,712.21,6.8,4,0
SHP-00311,2025-02-07,West,WH-Kolkata,Rail,605.7,178.0,4.83,5.86,1.03,True,333.95,11.8,4,0
SHP-01018,2025-02-07,East,WH-Chennai,Road,1623.8,270.6,15.83,19.9,4.07,True,1078.15,2.7,3,0
SHP-01084,2025-02-07,South,WH-Mumbai,Road,2736.4,100.5,36.95,35.26,-1.69,False,1440.23,5.8,5,0
SHP-00996,2025-02-07,West,WH-Chennai,Road,2419.6,428.3,25.47,29.68,4.21,True,1556.78,8.2,3,0
SHP-00250,2025-02-08,North,WH-Bhopal,Road,422.2,933.9,4.8,5.77,0.97,True,994.39,3.9,5,0
SHP-00586,2025-02-08,Central,WH-Mumbai,Sea,2326.1,622.8,15.45,15.3,-0.15,False,629.41,9.4,4,0
SHP-00638,2025-02-08,West,WH-Chennai,Road,511.5,567.6,6.78,8.59,1.81,True,769.32,6.6,4,0
SHP-00766,2025-02-08,East,WH-Chennai,Sea,2564.7,974.3,13.92,16.78,2.86,True,818.05,10.2,3,0
SHP-00477,2025-02-08,East,WH-Mumbai,Road,2607.9,256.0,24.36,31.25,6.89,True,1529.41,3.4,2,0
SHP-00373,2025-02-08,North,WH-Kolkata,Road,1702.0,658.3,20.1,22.61,2.51,True,1327.7,10.6,4,0
SHP-01072,2025-02-08,Central,WH-Bhopal,Road,1705.0,630.8,16.56,21.66,5.1,True,1383.58,7.4,3,0
SHP-00909,2025-02-08,West,WH-Kolkata,Road,330.1,339.3,4.43,4.97,0.54,True,464.23,11.6,4,0
SHP-00961,2025-02-09,Central,WH-Mumbai,Rail,2273.7,362.9,13.7,17.55,3.85,True,919.02,6.4,3,0
SHP-00109,2025-02-10,Central,WH-Mumbai,Road,2269.4,216.1,29.34,28.22,-1.12,False,1301.2,6.3,4,0
SHP-00700,2025-02-10,East,WH-Bhopal,Road,1251.8,169.2,16.36,15.97,-0.39,False,780.16,4.4,5,0
SHP-00091,2025-02-10,North,WH-Kolkata,Road,360.0,1015.7,4.97,6.29,1.32,True,1006.26,2.5,4,0
SHP-00933,2025-02-11,Central,WH-Mumbai,Air,2364.9,367.3,7.84,8.83,0.99,True,4591.31,8.7,5,0
SHP-01052,2025-02-11,South,WH-Bhopal,Sea,254.1,2112.8,2.79,3.36,0.57,True,615.6,6.1,5,0
SHP-00137,2025-02-11,East,WH-Bhopal,Road,2206.2,497.5,29.06,27.73,-1.33,False,1572.53,3.2,4,0
SHP-01077,2025-02-11,Central,WH-Delhi,Rail,2257.3,360.8,13.65,16.87,3.22,True,868.45,10.3,3,0
SHP-00589,2025-02-11,East,WH-Chennai,Road,1827.4,257.8,22.42,22.36,-0.06,False,1162.98,11.8,5,0
SHP-00516,2025-02-12,Central,WH-Mumbai,Sea,627.5,545.6,5.07,5.5,0.43,True,220.52,7.2,5,0
SHP-00821,2025-02-12,East,WH-Bhopal,Sea,2203.5,908.4,14.96,15.52,0.56,True,603.11,2.1,4,0
SHP-00167,2025-02-13,West,WH-Bhopal,Road,477.6,462.8,5.3,6.07,0.77,True,658.3,7.0,4,0
SHP-00071,2025-02-13,East,WH-Kolkata,Road,2280.2,155.9,22.91,29.53,6.62,True,1346.95,5.9,2,0
SHP-00657,2025-02-13,East,WH-Chennai,Rail,910.2,153.4,7.77,9.27,1.5,True,325.34,4.6,4,0
SHP-00517,2025-02-13,Central,WH-Chennai,Road,2488.9,244.4,24.95,31.8,6.85,True,1414.84,3.4,2,0
SHP-00161,2025-02-14,North,WH-Bhopal,Sea,447.5,279.5,3.03,3.99,0.96,True,120.25,10.1,5,0
SHP-00334,2025-02-15,South,WH-Bhopal,Road,274.2,332.8,4.11,4.11,0.0,False,398.86,3.9,4,0
SHP-00708,2025-02-15,East,WH-Mumbai,Road,1414.9,125.3,18.36,18.08,-0.28,False,765.18,3.2,5,0
SHP-00854,2025-02-15,North,WH-Chennai,Rail,2620.2,467.2,18.78,22.02,3.24,True,1124.62,8.6,3,0
SHP-00422,2025-02-16,West,WH-Delhi,Sea,2273.1,2247.7,11.89,13.91,2.02,True,1074.24,3.3,4,0
SHP-00991,2025-02-16,Central,WH-Bhopal,Road,2537.0,134.4,30.84,30.74,-0.1,False,1414.82,11.6,4,0
SHP-00862,2025-02-16,South,WH-Chennai,Air,1562.1,78.1,5.45,5.5,0.05,True,2617.94,10.5,4,0
SHP-00673,2025-02-16,Central,WH-Delhi,Road,1768.1,124.6,24.23,24.06,-0.17,False,1040.1,2.1,4,0
SHP-01109,2025-02-16,South,WH-Chennai,Air,1584.5,167.9,5.73,6.55,0.82,True,2892.05,3.3,4,0
SHP-00471,2025-02-16,North,WH-Bhopal,Road,2095.5,234.5,27.88,26.84,-1.04,False,1210.38,3.3,5,0
SHP-00870,2025-02-17,West,WH-Chennai,Road,2485.3,7.7,32.25,30.72,-1.53,False,1222.95,6.3,5,1
SHP-00453,2025-02-17,East,WH-Mumbai,Air,1768.6,30.1,6.35,6.65,0.3,True,2732.0,4.5,4,0
SHP-00116,2025-02-17,South,WH-Bhopal,Road,632.5,376.9,6.68,8.2,1.52,True,668.11,5.1,4,0
SHP-00030,2025-02-18,Central,WH-Bhopal,Road,2496.8,303.9,24.48,30.51,6.03,True,1442.7,8.3,2,0
SHP-00329,2025-02-18,North,WH-Bhopal,Road,1692.2,255.1,19.0,21.29,2.29,True,1070.75,6.6,4,0
SHP-00062,2025-02-19,North,WH-Chennai,Road,1407.2,121.4,13.35,17.56,4.21,True,773.42,9.7,3,0
SHP-00757,2025-02-20,South,WH-Chennai,Road,2261.3,152.9,23.43,29.31,5.88,True,1254.25,6.1,3,0
SHP-00395,2025-02-20,West,WH-Chennai,Sea,2598.7,1079.7,18.12,17.42,-0.7,False,744.0,3.3,4,0
SHP-00841,2025-02-20,South,WH-Chennai,Road,92.8,328.6,2.9,2.85,-0.05,False,348.49,11.2,5,0
SHP-00805,2025-02-20,North,WH-Chennai,Rail,2792.3,1375.3,23.24,22.83,-0.41,False,1491.21,4.8,5,0
SHP-01152,2025-02-20,North,WH-Delhi,Sea,758.9,515.6,4.67,5.69,1.02,True,381.96,9.1,4,0
SHP-00314,2025-02-20,West,WH-Bhopal,Sea,2978.7,1000.1,15.52,20.34,4.82,True,888.54,8.9,3,0
SHP-00037,2025-02-20,West,WH-Bhopal,Road,1689.9,104.0,20.71,22.35,1.64,True,1024.22,6.2,4,0
SHP-00198,2025-02-21,West,WH-Kolkata,Road,83.4,221.9,2.76,2.99,0.23,True,188.67,5.7,5,1
SHP-00143,2025-02-21,North,WH-Chennai,Road,1343.6,180.7,16.27,18.64,2.37,True,797.73,11.8,4,0
SHP-00576,2025-02-21,Central,WH-Chennai,Road,1154.2,219.5,13.6,13.98,0.38,True,617.37,8.9,4,0
SHP-00817,2025-02-22,East,WH-Delhi,Road,2523.7,322.0,25.81,31.64,5.83,True,1518.05,4.2,3,0
SHP-00055,2025-02-22,West,WH-Bhopal,Road,221.9,375.8,4.06,3.99,-0.07,False,420.55,5.2,4,0
SHP-00086,2025-02-22,North,WH-Chennai,Rail,2009.1,651.0,12.75,15.93,3.18,True,896.2,6.3,3,0
SHP-00216,2025-02-22,South,WH-Bhopal,Rail,2102.9,775.6,14.32,17.85,3.53,True,1076.26,7.2,3,0
SHP-00413,2025-02-22,North,WH-Delhi,Rail,2461.8,7.3,16.95,21.0,4.05,True,810.43,6.2,3,0
SHP-00749,2025-02-22,South,WH-Kolkata,Sea,1049.3,1348.7,6.35,6.97,0.62,True,593.39,11.9,5,0
SHP-00582,2025-02-22,East,WH-Chennai,Sea,972.0,945.8,5.51,6.55,1.04,True,411.94,11.5,4,0
SHP-00210,2025-02-23,North,WH-Bhopal,Road,265.8,372.7,4.1,4.82,0.72,True,555.57,2.5,4,0
SHP-00065,2025-02-23,South,WH-Mumbai,Air,1790.9,70.3,4.41,5.67,1.26,True,2883.12,5.8,4,0
SHP-00774,2025-02-23,South,WH-Mumbai,Road,650.1,531.9,8.26,8.15,-0.11,False,768.78,7.4,5,0
SHP-00278,2025-02-23,Central,WH-Delhi,Road,2900.4,16.8,33.13,36.79,3.66,True,1407.5,8.1,3,1
SHP-00410,2025-02-23,East,WH-Bhopal,Road,687.6,746.6,8.52,9.68,1.16,True,901.92,3.9,4,0
SHP-00679,2025-02-23,North,WH-Kolkata,Air,2148.2,107.8,6.35,7.05,0.7,True,3639.51,6.5,4,0
SHP-00356,2025-02-23,Central,WH-Mumbai,Road,1120.2,428.8,15.43,16.38,0.95,True,946.63,2.2,4,0
SHP-01167,2025-02-24,South,WH-Delhi,Sea,1037.7,995.0,5.48,5.54,0.06,True,526.44,11.2,4,0
SHP-00039,2025-02-24,North,WH-Bhopal,Sea,1407.3,1473.2,9.44,10.33,0.89,True,681.06,6.2,4,0
SHP-00866,2025-02-25,North,WH-Bhopal,Road,1182.2,190.0,16.97,16.75,-0.22,False,741.84,3.9,4,0
SHP-00884,2025-02-25,North,WH-Kolkata,Road,181.8,509.0,4.16,5.48,1.32,True,474.22,8.4,4,0
SHP-00585,2025-02-26,Central,WH-Delhi,Road,2550.5,169.6,24.8,31.53,6.73,True,1435.62,7.7,3,0
SHP-00645,2025-02-27,South,WH-Chennai,Road,142.8,847.3,2.3,2.92,0.62,True,846.66,9.1,4,0
SHP-00437,2025-02-27,North,WH-Chennai,Road,2884.1,21.8,36.68,36.14,-0.54,False,1514.82,5.7,4,0
SHP-00445,2025-02-27,South,WH-Delhi,Road,2612.0,47.9,32.91,32.36,-0.55,False,1278.1,7.1,5,0
SHP-00403,2025-02-27,West,WH-Kolkata,Air,488.0,160.9,3.28,4.22,0.94,True,1148.39,10.3,4,0
SHP-00357,2025-02-27,Central,WH-Kolkata,Road,790.4,550.3,10.26,10.45,0.19,True,902.72,7.6,4,0
SHP-00656,2025-02-27,West,WH-Delhi,Road,1592.1,101.5,20.53,21.39,0.86,True,859.5,10.0,4,0
SHP-00031,2025-02-28,South,WH-Delhi,Air,942.9,59.1,2.68,2.88,0.2,True,1666.33,3.0,5,0
SHP-00414,2025-03-01,North,WH-Bhopal,Road,2536.7,843.0,33.95,33.45,-0.5,False,1944.4,3.1,5,0
SHP-01032,2025-03-01,North,WH-Mumbai,Rail,2739.3,423.9,18.15,23.9,5.75,True,1087.34,3.1,3,0
SHP-00263,2025-03-01,Central,WH-Chennai,Road,1606.1,1028.9,18.14,21.62,3.48,True,1549.83,9.8,3,0
SHP-00871,2025-03-02,North,WH-Chennai,Road,861.9,182.6,12.7,12.68,-0.02,False,552.02,5.9,4,0
SHP-00839,2025-03-02,North,WH-Chennai,Rail,1257.7,440.2,11.05,13.26,2.21,True,583.76,8.5,3,0
SHP-01048,2025-03-03,North,WH-Kolkata,Road,667.5,220.1,8.6,8.36,-0.24,False,513.69,11.0,4,0
SHP-00117,2025-03-03,East,WH-Chennai,Road,2953.2,212.9,28.28,36.8,8.52,True,1712.24,10.2,2,0
SHP-00562,2025-03-03,North,WH-Chennai,Road,2044.2,74.3,23.75,27.61,3.86,True,1007.72,3.1,3,0
SHP-00974,2025-03-03,North,WH-Delhi,Road,2885.3,224.2,32.72,36.14,3.42,True,1682.42,8.3,4,0
SHP-00162,2025-03-03,East,WH-Delhi,Road,978.7,281.1,12.86,12.65,-0.21,False,792.09,9.5,5,0
SHP-00102,2025-03-04,East,WH-Kolkata,Road,2363.6,820.8,29.42,31.12,1.7,True,1822.14,10.5,4,0
SHP-00139,2025-03-04,East,WH-Chennai,Rail,2224.3,210.9,15.21,19.91,4.7,True,742.5,9.5,3,0
SHP-01198,2025-03-04,North,WH-Bhopal,Sea,2193.5,1715.0,12.55,14.41,1.86,True,995.1,6.0,4,0
SHP-01064,2025-03-04,North,WH-Bhopal,Road,1371.4,167.9,12.76,16.84,4.08,True,887.69,7.7,3,0
SHP-01176,2025-03-04,South,WH-Chennai,Road,1768.1,108.8,21.03,22.5,1.47,True,975.81,4.0,4,0
SHP-00732,2025-03-04,North,WH-Kolkata,Road,2673.5,114.7,24.68,32.33,7.65,True,1455.54,5.4,2,0
SHP-00398,2025-03-04,East,WH-Bhopal,Road,392.7,117.5,5.21,6.07,0.86,True,309.7,9.0,4,0
SHP-00513,2025-03-06,South,WH-Kolkata,Air,1395.7,283.2,3.73,4.28,0.55,True,2846.34,2.5,4,0
SHP-00095,2025-03-06,North,WH-Chennai,Rail,967.6,233.6,8.06,9.76,1.7,True,414.81,3.3,4,0
SHP-00724,2025-03-06,South,WH-Chennai,Road,1163.3,171.0,14.6,14.95,0.35,True,664.51,6.9,5,1
SHP-00159,2025-03-07,Central,WH-Chennai,Road,1007.9,368.3,11.69,13.59,1.9,True,770.61,7.1,3,0
SHP-00785,2025-03-07,North,WH-Mumbai,Road,2972.6,166.3,28.14,36.63,8.49,True,1509.11,8.7,2,0
SHP-01075,2025-03-08,South,WH-Chennai,Road,2744.7,545.2,34.09,34.94,0.85,True,1866.98,8.8,4,0
SHP-00921,2025-03-08,East,WH-Kolkata,Road,1961.1,111.4,19.62,24.97,5.35,True,1047.35,5.1,3,0
SHP-00299,2025-03-09,East,WH-Bhopal,Road,2609.5,244.9,29.55,32.34,2.79,True,1579.73,4.1,4,0
SHP-00920,2025-03-09,East,WH-Kolkata,Air,1711.6,147.3,5.01,5.62,0.61,True,3125.23,11.0,4,0
SHP-00470,2025-03-10,West,WH-Chennai,Sea,2583.3,456.4,13.78,17.46,3.68,True,537.58,3.3,3,0
SHP-01121,2025-03-10,North,WH-Delhi,Road,1238.2,269.7,14.43,17.81,3.38,True,814.61,7.0,3,0
SHP-00814,2025-03-10,South,WH-Mumbai,Sea,2002.5,680.5,10.71,14.04,3.33,True,573.24,2.6,3,0
SHP-00459,2025-03-10,East,WH-Kolkata,Sea,330.5,702.9,2.62,3.17,0.55,True,297.55,8.7,4,0
SHP-01022,2025-03-10,West,WH-Mumbai,Road,2669.2,283.0,28.47,32.4,3.93,True,1534.93,11.8,3,0
SHP-00579,2025-03-10,East,WH-Bhopal,Air,948.5,120.1,3.25,4.16,0.91,True,1771.95,9.4,4,0
SHP-00947,2025-03-11,East,WH-Kolkata,Road,1832.2,528.8,20.65,23.62,2.97,True,1375.5,9.2,4,0
SHP-00628,2025-03-11,South,WH-Mumbai,Rail,2072.0,1042.9,21.08,20.3,-0.78,False,1103.93,10.5,5,0
SHP-00005,2025-03-13,North,WH-Mumbai,Sea,275.1,92.1,2.26,2.9,0.64,True,58.69,7.8,4,0
SHP-00765,2025-03-13,North,WH-Delhi,Road,1228.8,414.1,16.24,17.68,1.44,True,948.91,11.9,4,0
SHP-00859,2025-03-14,Central,WH-Mumbai,Road,1277.2,141.8,13.69,14.78,1.09,True,699.61,3.2,4,0
SHP-00603,2025-03-15,West,WH-Mumbai,Air,1074.5,19.4,3.39,3.97,0.58,True,1738.9,3.2,4,0
SHP-00786,2025-03-16,West,WH-Delhi,Air,780.5,48.3,3.02,2.97,-0.05,False,1380.21,11.9,5,0
SHP-01180,2025-03-16,West,WH-Kolkata,Rail,58.4,101.3,2.05,2.09,0.04,True,74.9,9.3,5,0
SHP-00968,2025-03-16,North,WH-Bhopal,Road,1996.3,234.9,24.72,25.41,0.69,True,1073.2,4.0,5,0
SHP-00536,2025-03-16,Central,WH-Bhopal,Rail,1650.6,198.9,12.12,13.65,1.53,True,626.19,9.6,4,0
SHP-00282,2025-03-16,Central,WH-Mumbai,Rail,1151.9,626.1,8.5,10.39,1.89,True,709.88,6.0,4,0
SHP-01027,2025-03-17,North,WH-Kolkata,Road,1441.2,323.1,13.76,18.1,4.34,True,968.71,9.0,3,0
SHP-00571,2025-03-17,North,WH-Delhi,Air,191.1,38.6,2.03,2.38,0.35,True,415.9,2.3,5,0
SHP-00463,2025-03-17,North,WH-Delhi,Rail,2163.5,443.3,17.29,18.62,1.33,True,958.36,5.9,4,0
SHP-00601,2025-03-17,Central,WH-Mumbai,Road,322.2,201.9,4.26,5.57,1.31,True,390.84,2.4,4,0
SHP-00856,2025-03-19,North,WH-Chennai,Sea,1335.4,636.8,8.55,9.28,0.73,True,443.83,7.7,4,0
SHP-00755,2025-03-19,West,WH-Mumbai,Road,2261.1,392.0,26.03,28.74,2.71,True,1457.28,10.6,4,0
SHP-00888,2025-03-19,Central,WH-Bhopal,Sea,308.3,848.0,2.4,2.79,0.39,True,342.55,6.2,4,0
SHP-01047,2025-03-19,North,WH-Kolkata,Road,2469.8,168.3,25.4,32.38,6.98,True,1466.22,11.2,2,0
SHP-00664,2025-03-21,South,WH-Kolkata,Road,1522.8,591.8,16.32,19.59,3.27,True,1264.23,7.2,4,0
SHP-00104,2025-03-22,West,WH-Bhopal,Road,293.2,101.7,3.66,4.72,1.06,True,318.42,2.4,4,0
SHP-00204,2025-03-22,East,WH-Mumbai,Sea,802.8,1421.0,5.18,6.34,1.16,True,638.39,9.2,4,0
SHP-00061,2025-03-22,North,WH-Chennai,Sea,1250.1,477.0,8.82,9.17,0.35,True,437.28,10.2,4,0
SHP-00806,2025-03-22,West,WH-Bhopal,Road,593.4,528.7,6.82,6.58,-0.24,False,746.74,8.9,5,0
SHP-00711,2025-03-23,Central,WH-Mumbai,Road,2880.8,85.0,30.0,34.52,4.52,True,1432.28,6.1,3,0
SHP-00752,2025-03-24,Central,WH-Mumbai,Sea,930.7,351.7,5.47,6.59,1.12,True,345.49,7.0,4,0
SHP-00932,2025-03-24,West,WH-Mumbai,Road,2095.2,312.2,21.16,25.74,4.58,True,1394.86,3.9,3,0
SHP-01011,2025-03-25,South,WH-Delhi,Road,1165.7,31.8,15.84,15.8,-0.04,False,622.43,11.7,5,0
SHP-00563,2025-03-25,North,WH-Mumbai,Rail,2131.7,674.3,15.86,18.64,2.78,True,1049.92,11.0,3,0
SHP-00754,2025-03-26,North,WH-Bhopal,Road,727.9,113.0,8.58,10.86,2.28,True,482.44,3.7,4,0
SHP-01089,2025-03-27,East,WH-Chennai,Sea,2070.1,281.8,13.63,15.03,1.4,True,522.64,7.2,4,0
SHP-00466,2025-03-27,Central,WH-Chennai,Road,2448.8,193.5,26.72,31.04,4.32,True,1447.17,5.3,3,0
SHP-00912,2025-03-27,North,WH-Bhopal,Rail,2933.4,257.3,19.71,23.97,4.26,True,1066.27,2.1,4,0
SHP-00157,2025-03-27,Central,WH-Delhi,Road,1395.5,730.6,13.23,16.86,3.63,True,1284.71,4.1,3,0
SHP-00012,2025-03-29,West,WH-Bhopal,Road,1926.6,972.6,18.25,24.31,6.06,True,1810.48,2.0,3,0
SHP-00049,2025-03-30,North,WH-Delhi,Air,1589.1,168.3,5.85,5.77,-0.08,False,2870.76,10.6,5,0
SHP-01050,2025-03-30,Central,WH-Bhopal,Road,433.2,460.5,4.54,5.55,1.01,True,597.36,10.4,4,0
SHP-01053,2025-03-30,West,WH-Mumbai,Road,1027.1,591.4,11.53,14.21,2.68,True,1002.14,6.9,4,0
SHP-00454,2025-03-30,West,WH-Delhi,Road,2111.6,588.3,24.27,26.26,1.99,True,1480.72,3.0,4,0
SHP-00692,2025-03-31,East,WH-Delhi,Road,874.4,278.2,10.48,11.93,1.45,True,624.72,10.1,5,1
SHP-00993,2025-03-31,East,WH-Kolkata,Air,1590.3,104.5,4.67,5.5,0.83,True,2769.11,5.9,4,0
SHP-00530,2025-03-31,North,WH-Delhi,Sea,1739.4,356.8,13.11,13.25,0.14,True,466.85,9.0,4,0
SHP-01179,2025-03-31,North,WH-Chennai,Rail,2066.6,604.2,16.66,18.81,2.15,True,960.86,2.1,4,0
SHP-00527,2025-03-31,West,WH-Bhopal,Road,2828.4,295.8,33.9,35.06,1.16,True,1616.62,8.0,4,0
SHP-00634,2025-04-01,South,WH-Chennai,Road,2433.4,36.2,24.43,30.72,6.29,True,1194.73,6.4,2,0
SHP-01150,2025-04-02,West,WH-Bhopal,Air,1970.1,231.4,6.59,6.85,0.26,True,3661.68,7.9,5,0
SHP-00057,2025-04-02,South,WH-Chennai,Rail,2629.5,761.2,22.99,22.57,-0.42,False,1169.69,11.5,5,0
SHP-00844,2025-04-02,West,WH-Bhopal,Road,1155.2,43.3,12.91,16.17,3.26,True,570.92,6.7,3,0
SHP-00436,2025-04-02,North,WH-Chennai,Sea,2952.0,934.4,15.57,17.6,2.03,True,852.36,3.2,4,0
SHP-00389,2025-04-02,Central,WH-Mumbai,Road,314.1,266.5,4.54,4.37,-0.17,False,421.48,3.1,5,0
SHP-00529,2025-04-03,North,WH-Chennai,Air,360.5,62.8,3.85,3.7,-0.15,False,616.85,8.9,4,0
SHP-00837,2025-04-03,North,WH-Mumbai,Road,2001.3,205.6,23.98,24.37,0.39,True,1123.83,7.9,4,0
SHP-01019,2025-04-04,West,WH-Chennai,Road,205.6,59.0,2.98,3.82,0.84,True,112.13,11.6,4,1
SHP-00973,2025-04-04,South,WH-Delhi,Road,1701.6,485.6,22.54,22.96,0.42,True,1307.5,4.1,5,0
SHP-00472,2025-04-04,Central,WH-Bhopal,Sea,552.3,1315.8,3.94,4.19,0.25,True,454.52,10.2,4,0
SHP-01020,2025-04-05,West,WH-Delhi,Sea,1398.0,365.8,9.33,10.12,0.79,True,446.82,9.9,4,0
SHP-00764,2025-04-05,South,WH-Bhopal,Sea,916.2,775.2,7.64,7.67,0.03,True,383.67,10.5,5,1
SHP-01114,2025-04-05,West,WH-Chennai,Road,444.0,259.8,6.0,6.33,0.33,True,494.58,2.6,5,0
SHP-00828,2025-04-05,Central,WH-Delhi,Air,2742.7,126.1,11.59,11.55,-0.04,False,4521.82,7.8,5,1
SHP-00954,2025-04-05,West,WH-Chennai,Road,2748.8,162.0,26.32,34.43,8.11,True,1567.72,5.5,2,0
SHP-00520,2025-04-05,East,WH-Delhi,Road,2630.9,478.0,25.92,33.6,7.68,True,1663.32,10.6,2,0
SHP-00343,2025-04-05,East,WH-Kolkata,Sea,623.9,1168.4,3.38,4.03,0.65,True,529.97,7.5,4,0
SHP-00494,2025-04-06,Central,WH-Kolkata,Road,1490.5,232.7,17.38,21.22,3.84,True,861.29,6.6,3,0
SHP-00144,2025-04-06,North,WH-Mumbai,Road,1852.5,193.7,23.04,24.51,1.47,True,1154.91,5.8,4,0
SHP-00450,2025-04-06,North,WH-Bhopal,Road,1041.7,29.2,13.12,13.16,0.04,True,620.44,6.7,5,0
SHP-00193,2025-04-06,North,WH-Mumbai,Sea,2570.1,808.8,11.6,14.43,2.83,True,751.1,8.8,4,1
SHP-00547,2025-04-06,West,WH-Chennai,Road,860.7,36.5,10.35,11.05,0.7,True,486.85,6.4,4,0
SHP-00321,2025-04-07,West,WH-Kolkata,Road,2497.6,6.1,30.95,32.92,1.97,True,1240.93,8.9,4,0
SHP-00234,2025-04-07,North,WH-Delhi,Rail,1215.1,203.8,10.53,10.84,0.31,True,478.15,9.0,5,0
SHP-01085,2025-04-07,West,WH-Bhopal,Rail,2888.8,241.8,21.93,23.0,1.07,True,1003.42,3.3,4,0
SHP-00738,2025-04-08,East,WH-Delhi,Road,1700.5,158.2,20.51,23.03,2.52,True,938.3,6.3,4,0
SHP-00230,2025-04-08,South,WH-Bhopal,Road,1348.7,541.8,12.5,16.26,3.76,True,1132.89,9.4,4,0
SHP-00793,2025-04-08,West,WH-Chennai,Road,1405.5,435.9,17.93,17.75,-0.18,False,1061.5,4.4,5,0
SHP-00336,2025-04-09,East,WH-Chennai,Road,569.4,92.1,8.82,10.1,1.28,True,348.03,6.2,4,0
SHP-00344,2025-04-09,Central,WH-Mumbai,Road,2208.5,94.2,30.24,29.26,-0.98,False,1165.06,10.3,5,0
SHP-00740,2025-04-09,East,WH-Mumbai,Road,288.8,297.1,4.08,4.45,0.37,True,336.22,5.9,5,0
SHP-00272,2025-04-09,North,WH-Delhi,Sea,239.5,437.4,2.07,2.72,0.65,True,160.6,11.0,4,0
SHP-00257,2025-04-09,North,WH-Kolkata,Road,2302.6,157.4,24.67,29.52,4.85,True,1333.25,11.2,3,0
SHP-00580,2025-04-09,Central,WH-Delhi,Road,569.3,404.7,6.04,7.82,1.78,True,526.67,4.5,3,0
SHP-00545,2025-04-09,West,WH-Mumbai,Rail,1059.0,505.6,8.62,9.62,1.0,True,521.61,4.4,5,0
SHP-00120,2025-04-09,West,WH-Chennai,Rail,1985.8,490.5,15.59,17.28,1.69,True,849.51,11.5,4,0
SHP-00289,2025-04-09,South,WH-Chennai,Rail,496.8,934.7,4.84,4.63,-0.21,False,660.25,3.3,5,0
SHP-00569,2025-04-10,East,WH-Mumbai,Rail,1360.8,633.9,9.7,12.34,2.64,True,732.31,5.6,3,0
SHP-00488,2025-04-10,West,WH-Delhi,Sea,1706.4,957.7,9.62,11.59,1.97,True,696.32,4.3,4,0
SHP-00013,2025-04-10,North,WH-Delhi,Road,1389.9,698.4,17.48,17.17,-0.31,False,1256.66,10.9,5,0
SHP-00478,2025-04-10,West,WH-Mumbai,Road,2860.4,175.5,27.69,35.27,7.58,True,1516.24,7.2,2,0
SHP-01160,2025-04-11,South,WH-Mumbai,Road,919.4,394.9,8.95,11.24,2.29,True,716.71,10.6,4,0
SHP-01014,2025-04-11,West,WH-Bhopal,Road,2560.5,74.5,24.33,32.08,7.75,True,1272.57,7.3,2,0
SHP-00411,2025-04-11,West,WH-Bhopal,Road,591.0,79.6,5.44,6.88,1.44,True,393.63,5.0,4,0
SHP-00934,2025-04-11,Central,WH-Bhopal,Rail,2488.0,919.6,17.8,19.91,2.11,True,1221.12,7.7,4,0
SHP-00202,2025-04-11,West,WH-Chennai,Road,1645.2,343.2,17.22,20.14,2.92,True,1043.75,3.0,4,0
SHP-00126,2025-04-11,South,WH-Delhi,Sea,2679.0,148.0,16.86,17.19,0.33,True,504.92,2.6,5,1
SHP-00510,2025-04-11,North,WH-Delhi,Road,1183.3,613.0,15.98,16.03,0.05,True,1113.6,9.0,5,0
SHP-00417,2025-04-13,North,WH-Delhi,Road,66.1,49.0,1.48,1.71,0.23,True,90.13,9.5,4,0
SHP-00001,2025-04-13,North,WH-Delhi,Sea,963.7,980.2,7.86,7.65,-0.21,False,538.22,9.6,4,0
SHP-00787,2025-04-13,North,WH-Bhopal,Rail,1544.0,275.1,12.92,13.39,0.47,True,554.06,11.1,4,0
SHP-00008,2025-04-13,Central,WH-Bhopal,Rail,58.6,242.3,1.6,1.85,0.25,True,120.41,10.9,5,0
SHP-01057,2025-04-14,East,WH-Kolkata,Sea,1622.0,1040.9,9.01,10.62,1.61,True,571.12,3.4,4,0
SHP-00369,2025-04-14,South,WH-Kolkata,Sea,2179.3,1040.9,12.93,13.52,0.59,True,744.91,6.5,5,0
SHP-01070,2025-04-14,North,WH-Chennai,Rail,1149.2,181.4,9.7,9.35,-0.35,False,487.17,6.8,4,1
SHP-01071,2025-04-14,South,WH-Chennai,Rail,729.5,795.8,5.74,7.04,1.3,True,726.92,4.2,4,0
SHP-01137,2025-04-14,South,WH-Kolkata,Rail,422.3,388.9,5.11,5.98,0.87,True,272.5,7.1,4,0
SHP-01140,2025-04-14,West,WH-Bhopal,Rail,1466.3,491.9,10.55,13.46,2.91,True,635.71,7.6,3,0
SHP-00284,2025-04-14,West,WH-Bhopal,Road,262.3,294.0,3.79,3.65,-0.14,False,284.02,10.4,4,0
SHP-00532,2025-04-15,North,WH-Chennai,Sea,2574.0,1034.6,14.39,16.85,2.46,True,790.46,7.8,4,0
SHP-00739,2025-04-15,East,WH-Chennai,Road,92.9,524.2,2.75,2.63,-0.12,False,500.24,5.6,4,0
SHP-00429,2025-04-16,East,WH-Chennai,Road,625.6,438.3,7.36,8.72,1.36,True,636.6,4.2,4,0
SHP-00804,2025-04-16,East,WH-Kolkata,Sea,2571.5,734.7,16.75,17.41,0.66,True,780.36,2.6,4,0
SHP-01149,2025-04-16,South,WH-Bhopal,Air,1877.1,56.2,8.29,8.05,-0.24,False,2971.4,4.2,5,0
SHP-00066,2025-04-16,Central,WH-Chennai,Road,1596.3,144.4,20.01,20.8,0.79,True,911.71,4.8,5,0
SHP-00004,2025-04-17,Central,WH-Chennai,Road,1235.3,23.7,14.94,14.59,-0.35,False,550.8,6.3,4,0
SHP-00868,2025-04-17,North,WH-Mumbai,Road,1471.3,381.7,19.84,20.12,0.28,True,1036.78,8.8,5,0
SHP-00166,2025-04-18,West,WH-Mumbai,Sea,568.6,343.5,3.81,4.22,0.41,True,139.45,5.3,4,0
SHP-00415,2025-04-18,West,WH-Chennai,Rail,1585.3,169.8,13.61,14.14,0.53,True,593.7,11.4,4,0
SHP-00587,2025-04-19,North,WH-Kolkata,Road,2648.6,328.9,31.88,34.66,2.78,True,1596.24,7.4,4,0
SHP-00923,2025-04-19,North,WH-Kolkata,Road,478.1,763.6,6.58,6.34,-0.24,False,897.84,8.8,4,0
SHP-01162,2025-04-20,North,WH-Chennai,Road,710.3,341.2,9.83,10.86,1.03,True,559.99,5.9,5,0
SHP-01079,2025-04-21,South,WH-Bhopal,Road,780.3,216.3,10.54,11.88,1.34,True,542.85,9.4,4,0
SHP-00925,2025-04-21,North,WH-Chennai,Sea,2908.0,1411.0,16.59,18.8,2.21,True,979.18,6.4,4,0
SHP-00823,2025-04-21,Central,WH-Kolkata,Sea,2056.7,979.2,13.03,13.44,0.41,True,645.95,5.1,4,0
SHP-01139,2025-04-21,Central,WH-Kolkata,Air,1737.6,219.3,5.34,7.04,1.7,True,3296.23,9.4,4,1
SHP-00897,2025-04-21,South,WH-Kolkata,Air,1444.8,335.0,5.05,5.38,0.33,True,3068.94,4.1,4,0
SHP-00927,2025-04-21,West,WH-Kolkata,Rail,2379.8,587.1,19.32,20.78,1.46,True,978.41,2.6,4,1
SHP-00929,2025-04-21,South,WH-Kolkata,Sea,1069.9,1373.5,6.74,7.63,0.89,True,634.23,2.5,4,0
SHP-00262,2025-04-22,Central,WH-Chennai,Rail,2649.0,315.6,17.23,20.72,3.49,True,976.79,5.6,3,0
SHP-00948,2025-04-22,East,WH-Chennai,Road,2810.7,331.7,35.96,35.71,-0.25,False,1691.76,6.9,5,0
SHP-00779,2025-04-22,East,WH-Bhopal,Road,844.6,578.2,9.7,10.46,0.76,True,886.77,3.4,4,0
SHP-00288,2025-04-22,South,WH-Delhi,Road,1237.1,159.7,16.14,15.5,-0.64,False,762.32,10.4,5,0
SHP-00989,2025-04-23,West,WH-Chennai,Rail,216.6,318.9,2.29,3.03,0.74,True,264.88,8.8,5,0
SHP-00206,2025-04-23,East,WH-Bhopal,Road,1661.9,533.6,20.12,21.45,1.33,True,1253.14,6.5,4,0
SHP-00203,2025-04-23,South,WH-Bhopal,Rail,2905.5,830.8,21.61,23.38,1.77,True,1341.38,7.2,4,0
SHP-00196,2025-04-23,West,WH-Bhopal,Rail,366.9,294.4,4.74,4.57,-0.17,False,192.78,9.6,5,0
SHP-00877,2025-04-23,North,WH-Delhi,Rail,1227.4,464.5,7.22,9.27,2.05,True,617.17,3.4,4,0
SHP-00283,2025-04-23,Central,WH-Delhi,Rail,2026.4,744.5,14.99,17.73,2.74,True,911.15,3.0,4,1
SHP-00201,2025-04-23,East,WH-Bhopal,Air,1344.1,210.7,4.58,5.09,0.51,True,2628.83,3.6,5,0
SHP-00535,2025-04-24,North,WH-Delhi,Road,2043.1,282.5,19.2,24.51,5.31,True,1254.63,5.5,2,0
SHP-00362,2025-04-24,North,WH-Kolkata,Road,2532.0,278.6,31.04,32.26,1.22,True,1487.57,3.5,4,0
SHP-01115,2025-04-25,Central,WH-Chennai,Road,966.2,191.0,11.38,12.9,1.52,True,699.8,12.0,4,0
SHP-00531,2025-04-25,Central,WH-Delhi,Road,1526.7,137.5,15.32,19.37,4.05,True,822.01,5.2,3,0
SHP-00281,2025-04-26,Central,WH-Kolkata,Sea,914.1,180.4,7.0,7.36,0.36,True,219.45,3.0,5,0
SHP-00346,2025-04-26,Central,WH-Kolkata,Rail,2574.1,497.5,20.29,22.75,2.46,True,1173.18,3.0,3,0
SHP-00178,2025-04-26,East,WH-Delhi,Road,832.0,64.9,8.6,10.94,2.34,True,407.77,11.1,3,0
SHP-00440,2025-04-27,East,WH-Chennai,Air,2544.4,174.6,8.68,8.68,0.0,False,4383.3,3.5,5,0
SHP-01173,2025-04-27,Central,WH-Mumbai,Road,730.7,284.0,8.23,10.05,1.82,True,542.43,4.5,4,0
SHP-00654,2025-04-27,North,WH-Bhopal,Road,1562.2,70.1,16.82,19.97,3.15,True,875.07,2.9,4,0
SHP-00972,2025-04-28,West,WH-Kolkata,Road,1845.3,186.6,19.86,22.99,3.13,True,1032.81,10.8,4,0
SHP-00983,2025-04-28,East,WH-Kolkata,Rail,350.8,1335.2,3.28,4.09,0.81,True,744.83,8.8,4,0
SHP-00770,2025-04-28,East,WH-Bhopal,Rail,827.6,503.8,7.82,8.15,0.33,True,480.89,2.4,5,0
SHP-00452,2025-04-28,North,WH-Mumbai,Road,109.1,128.4,2.65,3.41,0.76,True,193.58,2.1,5,0
SHP-01096,2025-04-28,West,WH-Chennai,Rail,972.6,729.0,6.49,8.59,2.1,True,628.79,7.4,4,0
SHP-00906,2025-04-29,East,WH-Bhopal,Road,362.1,136.4,4.3,4.48,0.18,True,251.33,6.2,4,0
SHP-00722,2025-04-29,North,WH-Bhopal,Road,2427.3,214.7,29.47,29.65,0.18,True,1371.09,3.3,4,0
SHP-00433,2025-04-30,West,WH-Delhi,Sea,1516.9,466.1,7.74,9.82,2.08,True,523.14,4.9,4,0
SHP-00279,2025-04-30,South,WH-Kolkata,Road,2414.8,162.4,27.25,29.41,2.16,True,1299.98,2.4,4,0
SHP-00863,2025-05-01,South,WH-Mumbai,Road,1714.4,274.1,16.38,20.76,4.38,True,1046.33,9.6,3,0
SHP-00177,2025-05-01,North,WH-Kolkata,Air,1423.2,114.4,6.59,6.68,0.09,True,2435.18,4.0,5,0
SHP-00689,2025-05-02,West,WH-Chennai,Road,321.4,479.7,3.26,3.62,0.36,True,532.96,4.9,4,0
SHP-00009,2025-05-02,East,WH-Mumbai,Road,77.8,314.5,2.66,3.04,0.38,True,310.83,11.8,4,0
SHP-00446,2025-05-02,East,WH-Bhopal,Sea,2511.6,1399.7,15.38,15.32,-0.06,False,983.37,7.2,4,0
SHP-00840,2025-05-02,West,WH-Chennai,Road,905.1,106.9,11.08,11.66,0.58,True,485.9,5.3,4,0
SHP-00612,2025-05-02,East,WH-Bhopal,Road,2664.8,480.4,35.21,34.48,-0.73,False,1729.77,10.2,4,0
SHP-00592,2025-05-02,East,WH-Chennai,Rail,2529.8,750.5,18.68,20.59,1.91,True,1128.22,2.4,4,0
SHP-00225,2025-05-03,South,WH-Chennai,Rail,215.2,297.3,2.51,2.45,-0.06,False,177.18,8.3,4,0
SHP-01093,2025-05-03,East,WH-Chennai,Sea,1474.0,240.7,8.57,9.84,1.27,True,364.8,9.1,5,0
SHP-00236,2025-05-04,South,WH-Bhopal,Rail,2947.3,548.4,21.26,25.29,4.03,True,1171.22,10.7,3,0
SHP-00428,2025-05-04,East,WH-Kolkata,Road,2509.0,784.1,28.82,30.85,2.03,True,1888.34,6.6,4,0
SHP-00400,2025-05-05,North,WH-Kolkata,Road,1359.4,565.7,13.75,17.02,3.27,True,1095.43,6.3,3,0
SHP-01061,2025-05-05,East,WH-Kolkata,Road,2344.2,102.9,26.38,31.44,5.06,True,1287.28,4.7,3,0
SHP-00819,2025-05-06,South,WH-Mumbai,Road,1262.9,184.6,17.82,17.09,-0.73,False,747.65,11.1,4,0
SHP-00639,2025-05-06,West,WH-Chennai,Road,2557.3,75.7,27.22,32.19,4.97,True,1462.13,2.4,3,0
SHP-00214,2025-05-06,West,WH-Chennai,Air,1135.2,93.6,4.5,5.4,0.9,True,1973.24,2.5,4,0
SHP-00451,2025-05-06,South,WH-Bhopal,Road,960.0,164.9,13.38,14.05,0.67,True,630.29,11.3,5,0
SHP-00913,2025-05-06,North,WH-Kolkata,Rail,160.2,1711.8,2.5,3.14,0.64,True,863.94,6.9,4,0
SHP-00644,2025-05-06,North,WH-Delhi,Road,2030.1,115.5,26.06,25.27,-0.79,False,1181.31,10.1,5,0
SHP-01148,2025-05-07,East,WH-Chennai,Road,2960.8,340.6,36.02,36.68,0.66,True,1827.16,5.2,4,0
SHP-00883,2025-05-07,South,WH-Mumbai,Air,1462.0,37.6,4.76,5.08,0.32,True,2411.93,3.1,5,0
SHP-00443,2025-05-07,East,WH-Kolkata,Sea,2709.3,827.1,16.99,18.1,1.11,True,700.91,7.6,4,0
SHP-00366,2025-05-07,West,WH-Mumbai,Rail,2689.9,291.9,18.12,23.52,5.4,True,937.38,11.0,2,0
SHP-01185,2025-05-08,South,WH-Chennai,Road,1333.9,235.5,18.35,18.66,0.31,True,808.27,11.4,5,0
SHP-00171,2025-05-08,North,WH-Bhopal,Air,2284.4,50.5,9.72,9.42,-0.3,False,3631.27,5.2,5,1
SHP-00352,2025-05-08,East,WH-Kolkata,Road,1296.5,380.9,16.33,16.31,-0.02,False,1017.95,4.7,5,0
SHP-00305,2025-05-08,South,WH-Kolkata,Sea,2241.4,1144.7,14.02,14.9,0.88,True,811.71,4.0,4,0
SHP-00249,2025-05-08,Central,WH-Kolkata,Road,2692.2,300.1,26.76,35.14,8.38,True,1600.13,5.4,2,0
SHP-00100,2025-05-09,East,WH-Delhi,Sea,2330.0,2146.4,16.64,17.22,0.58,True,1094.84,11.8,5,0
SHP-00444,2025-05-09,North,WH-Delhi,Road,1694.4,118.3,18.88,21.06,2.18,True,916.31,4.2,5,0
SHP-00253,2025-05-09,East,WH-Chennai,Road,137.7,213.1,1.62,2.11,0.49,True,166.33,2.9,4,0
SHP-01010,2025-05-10,East,WH-Bhopal,Road,1852.2,302.4,19.87,23.05,3.18,True,1098.48,10.1,4,0
SHP-00215,2025-05-10,Central,WH-Chennai,Sea,471.3,600.8,3.16,3.8,0.64,True,256.8,3.1,5,0
SHP-00208,2025-05-10,North,WH-Chennai,Air,1062.4,110.3,5.19,5.54,0.35,True,2008.05,7.2,4,0
SHP-01113,2025-05-10,East,WH-Kolkata,Rail,2382.3,171.2,19.97,20.65,0.68,True,869.58,3.3,5,0
SHP-00016,2025-05-11,North,WH-Bhopal,Rail,2990.6,232.3,25.03,26.04,1.01,True,1173.51,4.3,4,0
SHP-00127,2025-05-11,West,WH-Chennai,Rail,1541.7,177.9,11.17,11.68,0.51,True,587.26,7.4,5,0
SHP-00042,2025-05-11,West,WH-Mumbai,Road,1337.9,217.2,15.94,17.45,1.51,True,786.47,9.9,4,0
SHP-00276,2025-05-11,East,WH-Mumbai,Road,1976.9,439.5,23.34,24.53,1.19,True,1360.45,8.5,4,0
SHP-01049,2025-05-12,West,WH-Bhopal,Rail,760.6,722.1,7.48,7.51,0.03,True,476.87,11.5,5,0
SHP-00626,2025-05-12,North,WH-Bhopal,Road,403.7,247.3,6.93,7.63,0.7,True,426.02,10.6,4,0
SHP-01145,2025-05-13,North,WH-Chennai,Road,107.5,287.9,2.4,2.72,0.32,True,302.8,5.9,5,0
SHP-00745,2025-05-13,Central,WH-Mumbai,Sea,1607.1,1137.8,9.34,12.12,2.78,True,543.08,6.6,4,0
SHP-00850,2025-05-13,West,WH-Mumbai,Air,2340.6,78.6,7.75,8.8,1.05,True,3837.74,3.7,5,0
SHP-00593,2025-05-13,East,WH-Mumbai,Road,1445.0,69.1,15.5,18.97,3.47,True,697.93,4.4,3,0
SHP-00807,2025-05-13,North,WH-Chennai,Air,1338.7,73.4,3.9,4.31,0.41,True,2278.36,11.1,4,0
SHP-00981,2025-05-13,North,WH-Mumbai,Road,1068.8,327.7,10.91,11.18,0.27,True,757.52,6.0,4,0
SHP-00971,2025-05-14,West,WH-Mumbai,Road,2744.2,284.5,29.36,33.29,3.93,True,1664.71,4.0,3,0
SHP-01074,2025-05-14,South,WH-Bhopal,Road,994.5,234.2,13.01,13.2,0.19,True,628.55,6.1,5,0
SHP-00163,2025-05-14,Central,WH-Bhopal,Road,1482.2,272.0,17.56,18.63,1.07,True,986.77,11.1,4,0
SHP-01128,2025-05-14,South,WH-Kolkata,Road,1129.5,104.0,12.95,13.77,0.82,True,622.05,6.8,4,0
SHP-00655,2025-05-14,East,WH-Bhopal,Sea,2806.1,432.2,16.54,19.02,2.48,True,642.11,2.6,4,0
SHP-00111,2025-05-15,East,WH-Bhopal,Road,1684.7,556.6,19.64,22.24,2.6,True,1283.29,4.7,3,0
SHP-00044,2025-05-15,North,WH-Delhi,Sea,1377.7,440.7,9.5,9.4,-0.1,False,283.86,8.8,4,0
SHP-00303,2025-05-15,West,WH-Mumbai,Road,663.1,37.7,6.13,7.54,1.41,True,453.79,4.7,4,0
SHP-00693,2025-05-16,West,WH-Mumbai,Road,1766.5,63.7,17.93,23.4,5.47,True,1000.17,7.7,3,0
SHP-00618,2025-05-16,West,WH-Bhopal,Sea,1693.2,365.7,10.77,11.96,1.19,True,429.74,11.3,5,0
SHP-01106,2025-05-16,East,WH-Bhopal,Road,823.8,303.5,11.33,12.04,0.71,True,611.09,4.3,4,0
SHP-00101,2025-05-16,South,WH-Kolkata,Air,1501.0,16.9,3.53,4.62,1.09,True,2386.66,7.9,5,0
SHP-01026,2025-05-17,Central,WH-Delhi,Road,850.6,937.3,9.24,12.23,2.99,True,1245.15,4.7,4,0
SHP-00183,2025-05-17,Central,WH-Bhopal,Road,2749.5,639.6,26.71,33.63,6.92,True,1907.64,7.1,2,0
SHP-00957,2025-05-17,West,WH-Chennai,Road,104.2,412.8,3.48,3.59,0.11,True,500.76,2.3,5,0
SHP-01170,2025-05-17,East,WH-Chennai,Rail,448.8,383.5,2.95,3.6,0.65,True,417.27,9.6,4,0
SHP-01006,2025-05-18,North,WH-Mumbai,Rail,81.5,1596.3,1.27,1.44,0.17,True,797.3,8.7,4,0
SHP-00809,2025-05-18,West,WH-Chennai,Rail,1245.4,579.4,11.05,10.63,-0.42,False,624.22,2.3,4,0
SHP-00998,2025-05-19,South,WH-Mumbai,Sea,2182.7,71.3,11.68,14.65,2.97,True,419.86,4.8,4,0
SHP-00103,2025-05-19,West,WH-Mumbai,Rail,1772.6,123.2,13.36,16.37,3.01,True,652.36,2.1,4,0
SHP-00990,2025-05-20,South,WH-Chennai,Rail,2034.9,355.7,13.99,17.81,3.82,True,799.49,9.9,3,0
SHP-00267,2025-05-20,South,WH-Mumbai,Road,2852.0,370.4,30.28,34.88,4.6,True,1657.06,4.2,3,0
SHP-01136,2025-05-21,Central,WH-Chennai,Road,2616.3,164.6,24.72,32.31,7.59,True,1399.2,9.1,3,0
SHP-00608,2025-05-21,West,WH-Delhi,Road,382.4,527.5,6.67,7.36,0.69,True,594.76,10.1,4,0
SHP-00641,2025-05-21,West,WH-Mumbai,Road,2533.4,202.8,31.21,32.48,1.27,True,1426.88,11.0,4,0
SHP-00387,2025-05-22,South,WH-Kolkata,Road,1031.6,78.9,12.77,13.2,0.43,True,543.72,9.2,5,0
SHP-00994,2025-05-22,West,WH-Chennai,Road,1234.5,349.2,12.61,16.24,3.63,True,930.64,10.4,3,0
SHP-01065,2025-05-23,West,WH-Kolkata,Road,1614.9,64.8,17.72,20.53,2.81,True,836.55,6.0,3,0
SHP-00388,2025-05-23,South,WH-Delhi,Sea,260.0,713.3,1.26,1.57,0.31,True,253.9,7.8,5,0
SHP-00148,2025-05-23,South,WH-Chennai,Air,864.0,21.8,3.31,3.72,0.41,True,1452.32,3.3,4,0
SHP-00677,2025-05-23,East,WH-Kolkata,Rail,2697.8,167.6,16.57,21.06,4.49,True,885.47,3.0,3,0
SHP-00584,2025-05-24,North,WH-Mumbai,Sea,2529.9,547.8,12.74,16.7,3.96,True,625.61,3.4,3,0
SHP-00233,2025-05-24,North,WH-Chennai,Road,1903.8,90.1,21.89,23.77,1.88,True,926.27,4.1,4,0
SHP-00465,2025-05-24,West,WH-Mumbai,Road,2639.3,146.5,31.7,33.18,1.48,True,1540.93,11.0,4,0
SHP-00426,2025-05-24,North,WH-Bhopal,Road,2293.8,115.1,29.86,28.59,-1.27,False,1230.76,11.8,4,0
SHP-00578,2025-05-24,North,WH-Kolkata,Road,2217.8,305.8,25.61,28.92,3.31,True,1405.09,7.4,3,0
SHP-00681,2025-05-24,North,WH-Bhopal,Sea,149.0,1153.8,2.24,2.2,-0.04,False,454.11,3.9,4,0
SHP-00260,2025-05-24,South,WH-Kolkata,Road,198.8,256.6,2.76,3.07,0.31,True,321.57,5.6,5,0
SHP-00703,2025-05-25,East,WH-Delhi,Road,1722.7,413.3,19.98,23.74,3.76,True,1145.23,11.0,3,0
SHP-00432,2025-05-25,Central,WH-Bhopal,Sea,2047.1,776.6,11.63,12.37,0.74,True,572.17,7.2,4,0
SHP-00753,2025-05-25,North,WH-Kolkata,Rail,2775.0,558.6,21.01,22.22,1.21,True,1201.32,8.4,4,0
SHP-01067,2025-05-25,Central,WH-Mumbai,Rail,2558.6,220.7,19.1,23.13,4.03,True,950.68,7.1,3,0
SHP-00916,2025-05-25,West,WH-Mumbai,Rail,1086.6,145.6,8.45,10.68,2.23,True,397.82,5.5,4,0
SHP-00622,2025-05-25,West,WH-Mumbai,Sea,1099.5,363.3,7.12,7.88,0.76,True,346.53,10.1,4,0
SHP-00725,2025-05-26,West,WH-Chennai,Road,1362.0,346.9,14.17,18.18,4.01,True,1000.68,8.3,4,0
SHP-00924,2025-05-26,East,WH-Delhi,Sea,2717.9,505.1,18.0,17.35,-0.65,False,687.3,3.4,4,0
SHP-00599,2025-05-26,North,WH-Bhopal,Sea,609.0,774.4,4.06,5.16,1.1,True,349.03,9.0,4,0
SHP-00671,2025-05-27,West,WH-Kolkata,Air,467.5,134.7,4.29,4.47,0.18,True,1102.38,11.5,5,0
SHP-00325,2025-05-27,North,WH-Delhi,Rail,412.6,716.9,3.32,4.35,1.03,True,468.75,7.4,4,0
SHP-00244,2025-05-27,Central,WH-Delhi,Road,2247.4,125.6,22.57,27.3,4.73,True,1238.16,5.6,2,0
SHP-00493,2025-05-27,North,WH-Mumbai,Road,2320.4,433.2,25.0,29.09,4.09,True,1450.04,7.0,3,0
SHP-00431,2025-05-27,West,WH-Mumbai,Road,1403.0,49.0,15.55,17.6,2.05,True,698.0,9.6,4,0
SHP-00273,2025-05-27,North,WH-Chennai,Road,1946.2,56.4,21.15,23.81,2.66,True,1056.53,5.4,4,0
SHP-01122,2025-05-28,South,WH-Mumbai,Road,156.8,738.1,4.1,4.13,0.03,True,665.35,10.2,5,0
SHP-00245,2025-05-28,Central,WH-Kolkata,Road,285.0,5.7,4.06,5.17,1.11,True,205.19,8.5,4,0
SHP-00646,2025-05-28,South,WH-Bhopal,Road,2193.2,188.9,20.91,26.93,6.02,True,1317.53,8.8,3,0
SHP-00241,2025-05-28,West,WH-Mumbai,Road,2460.2,495.1,33.03,31.57,-1.46,False,1624.24,9.8,4,0
SHP-00663,2025-05-29,North,WH-Kolkata,Road,2231.9,390.6,24.93,28.09,3.16,True,1488.6,8.1,4,0
SHP-01168,2025-05-29,West,WH-Kolkata,Rail,1024.4,336.9,7.43,7.91,0.48,True,545.88,9.4,4,0
SHP-00017,2025-05-30,North,WH-Delhi,Road,503.4,180.0,6.11,7.4,1.29,True,417.64,5.2,4,0
SHP-00944,2025-05-30,East,WH-Mumbai,Air,429.1,45.4,0.48,0.5,0.02,True,753.02,5.8,4,0
SHP-01199,2025-05-30,North,WH-Bhopal,Rail,2789.8,785.4,24.25,23.45,-0.8,False,1263.6,7.9,5,0
SHP-00401,2025-05-30,Central,WH-Kolkata,Rail,604.6,847.5,4.96,5.08,0.12,True,636.01,6.1,5,0
SHP-00365,2025-05-31,East,WH-Kolkata,Rail,884.5,179.0,7.86,8.02,0.16,True,374.63,7.5,5,0
SHP-00825,2025-05-31,Central,WH-Kolkata,Road,724.0,916.9,10.25,10.81,0.56,True,1004.09,6.7,4,0
SHP-00255,2025-05-31,North,WH-Kolkata,Road,1996.6,321.6,21.6,24.6,3.0,True,1321.98,9.2,3,0
SHP-00583,2025-05-31,North,WH-Mumbai,Road,2747.6,419.2,33.52,35.89,2.37,True,1680.4,2.3,4,0
SHP-00549,2025-05-31,Central,WH-Kolkata,Road,327.5,471.8,6.2,6.02,-0.18,False,500.47,3.8,4,0
SHP-00277,2025-06-01,North,WH-Chennai,Road,1079.7,491.0,9.73,12.87,3.14,True,921.48,5.9,4,0
SHP-00015,2025-06-01,North,WH-Bhopal,Air,2755.0,62.0,7.3,8.64,1.34,True,4468.79,5.1,4,0
SHP-00505,2025-06-01,West,WH-Mumbai,Road,2184.0,265.6,25.79,27.33,1.54,True,1327.88,4.4,4,1
SHP-00190,2025-06-01,West,WH-Bhopal,Road,2712.5,182.7,29.18,33.16,3.98,True,1559.85,2.2,3,0
SHP-01190,2025-06-01,West,WH-Kolkata,Road,2943.9,793.4,28.13,36.45,8.32,True,2052.95,4.0,2,1
SHP-00955,2025-06-01,North,WH-Bhopal,Road,1088.4,109.9,13.12,14.26,1.14,True,672.92,11.0,5,0
SHP-00548,2025-06-01,North,WH-Kolkata,Rail,2212.8,104.2,14.02,18.67,4.65,True,759.95,8.8,3,0
SHP-01066,2025-06-02,North,WH-Kolkata,Road,1276.5,113.3,15.35,16.01,0.66,True,677.66,11.8,5,0
SHP-00396,2025-06-02,South,WH-Bhopal,Road,931.6,393.2,10.45,12.35,1.9,True,677.1,6.8,4,0
SHP-00290,2025-06-02,South,WH-Chennai,Road,1353.5,724.6,17.38,18.81,1.43,True,1332.24,8.6,4,0
SHP-00891,2025-06-03,South,WH-Kolkata,Rail,2210.7,200.3,19.65,19.25,-0.4,False,811.74,10.5,5,0
SHP-01174,2025-06-03,North,WH-Mumbai,Rail,1084.7,1370.0,7.5,9.86,2.36,True,1003.88,3.1,4,0
SHP-00767,2025-06-03,North,WH-Mumbai,Air,1525.9,40.4,2.85,3.61,0.76,True,2434.69,10.5,5,0
SHP-01200,2025-06-03,South,WH-Delhi,Rail,2422.7,372.6,18.07,21.93,3.86,True,887.84,11.2,3,0
SHP-00464,2025-06-03,East,WH-Mumbai,Sea,786.4,657.8,5.28,5.7,0.42,True,353.52,8.8,4,1
SHP-00836,2025-06-04,South,WH-Kolkata,Road,1253.3,135.4,15.71,14.97,-0.74,False,733.63,8.4,4,0
SHP-00367,2025-06-04,West,WH-Mumbai,Road,121.4,666.8,2.97,2.98,0.01,True,535.27,5.0,5,0
SHP-00687,2025-06-05,South,WH-Bhopal,Road,1464.6,99.1,16.28,19.72,3.44,True,854.51,11.2,3,0
SHP-01108,2025-06-06,North,WH-Kolkata,Rail,145.4,679.1,2.6,3.38,0.78,True,453.0,8.2,5,0
SHP-01105,2025-06-06,West,WH-Mumbai,Road,368.2,75.2,5.86,6.38,0.52,True,155.14,7.7,4,0
SHP-01083,2025-06-06,East,WH-Kolkata,Road,2865.5,259.4,33.96,35.04,1.08,True,1692.0,8.3,5,0
SHP-01080,2025-06-06,South,WH-Kolkata,Road,2431.7,490.4,28.79,29.15,0.36,True,1610.37,11.4,4,0
SHP-00092,2025-06-06,West,WH-Kolkata,Road,2080.8,217.0,25.36,27.31,1.95,True,1212.17,10.4,4,0
SHP-00333,2025-06-07,East,WH-Mumbai,Rail,2955.5,124.0,20.85,24.76,3.91,True,975.2,2.8,3,0
SHP-00430,2025-06-07,South,WH-Bhopal,Road,2683.2,394.5,37.26,35.58,-1.68,False,1573.22,6.9,5,0
SHP-00310,2025-06-07,Central,WH-Delhi,Road,1683.3,242.0,20.54,21.64,1.1,True,1067.92,10.0,4,0
SHP-01098,2025-06-08,West,WH-Chennai,Rail,1805.1,1156.4,11.9,14.63,2.73,True,1194.48,11.7,3,0
SHP-00219,2025-06-09,East,WH-Kolkata,Road,2905.9,123.1,33.21,35.32,2.11,True,1609.44,5.8,4,0
SHP-00192,2025-06-09,East,WH-Mumbai,Road,260.2,261.8,3.84,4.1,0.26,True,285.07,4.5,5,0
SHP-00153,2025-06-09,South,WH-Kolkata,Rail,1101.4,641.4,8.8,8.85,0.05,True,766.97,4.0,5,0
SHP-00659,2025-06-09,South,WH-Delhi,Air,2792.0,177.8,7.88,10.22,2.34,True,4881.84,6.4,5,1
SHP-00269,2025-06-09,West,WH-Bhopal,Road,1056.0,589.9,13.5,14.25,0.75,True,947.51,8.9,4,0
SHP-00838,2025-06-09,South,WH-Mumbai,Road,2651.6,245.9,27.29,32.6,5.31,True,1492.07,4.3,3,0
SHP-00503,2025-06-09,Central,WH-Chennai,Air,2796.7,74.8,9.49,9.94,0.45,True,4547.7,7.7,5,0
SHP-01195,2025-06-10,East,WH-Chennai,Road,363.1,85.9,5.42,5.5,0.08,True,305.39,11.0,4,0
SHP-00280,2025-06-10,North,WH-Delhi,Road,1909.7,183.0,20.84,24.43,3.59,True,1117.56,9.6,3,0
SHP-00298,2025-06-10,East,WH-Mumbai,Road,996.2,248.3,14.34,14.39,0.05,True,668.88,7.5,5,0
SHP-01002,2025-06-10,South,WH-Kolkata,Sea,1788.0,278.0,12.03,12.18,0.15,True,372.32,7.7,5,1
SHP-00349,2025-06-10,South,WH-Chennai,Rail,2097.5,914.7,14.87,17.72,2.85,True,1096.88,8.3,3,0
SHP-00024,2025-06-10,South,WH-Bhopal,Road,281.1,99.1,4.21,5.33,1.12,True,219.97,6.0,4,0
SHP-00769,2025-06-11,North,WH-Mumbai,Road,1206.3,128.6,13.71,15.72,2.01,True,773.93,11.2,4,0
SHP-00072,2025-06-11,South,WH-Kolkata,Road,1384.3,415.1,12.93,16.62,3.69,True,1053.82,7.3,3,0
SHP-00594,2025-06-12,West,WH-Chennai,Road,165.3,1095.2,3.64,4.27,0.63,True,920.36,5.7,4,0
SHP-00295,2025-06-12,West,WH-Mumbai,Road,2919.2,49.8,36.85,36.9,0.05,True,1548.28,2.7,4,0
SHP-00507,2025-06-12,South,WH-Kolkata,Road,2545.6,675.8,27.13,31.17,4.04,True,1823.79,4.6,3,0
SHP-00105,2025-06-12,North,WH-Delhi,Road,2308.7,398.7,23.8,28.32,4.52,True,1432.14,8.0,3,0
SHP-00540,2025-06-13,East,WH-Kolkata,Rail,134.3,78.5,1.18,1.3,0.12,True,152.08,10.8,5,0
SHP-00669,2025-06-13,East,WH-Bhopal,Road,1730.1,60.4,17.54,22.68,5.14,True,921.71,9.8,3,0
SHP-00691,2025-06-13,South,WH-Delhi,Rail,1339.7,574.8,11.31,11.56,0.25,True,663.32,9.8,4,0
SHP-00750,2025-06-14,West,WH-Kolkata,Sea,1436.4,682.3,9.44,10.28,0.84,True,406.69,3.7,4,0
SHP-00616,2025-06-14,Central,WH-Kolkata,Road,358.4,295.3,5.29,6.29,1.0,True,483.5,2.2,4,0
SHP-00185,2025-06-14,Central,WH-Bhopal,Road,1497.5,129.2,15.03,19.92,4.89,True,876.87,9.9,3,0
SHP-01044,2025-06-14,West,WH-Bhopal,Rail,501.7,619.4,4.52,4.43,-0.09,False,460.84,11.3,4,0
SHP-00800,2025-06-15,Central,WH-Chennai,Road,2862.0,115.4,37.14,36.75,-0.39,False,1549.41,9.5,4,0
SHP-00047,2025-06-16,West,WH-Delhi,Road,764.8,42.1,7.44,9.57,2.13,True,393.31,5.6,4,0
SHP-00633,2025-06-16,Central,WH-Kolkata,Rail,2445.1,808.1,17.37,20.93,3.56,True,1132.01,9.4,3,0
SHP-00609,2025-06-17,Central,WH-Mumbai,Road,1751.8,254.8,22.11,22.86,0.75,True,1040.27,8.4,4,0
SHP-01009,2025-06-17,Central,WH-Delhi,Road,225.5,397.1,3.29,3.25,-0.04,False,379.64,6.0,4,0
SHP-00514,2025-06-17,West,WH-Delhi,Sea,1502.5,283.4,9.48,9.06,-0.42,False,375.81,10.8,5,0
SHP-00297,2025-06-18,Central,WH-Bhopal,Road,403.8,262.7,4.7,6.18,1.48,True,410.84,2.3,4,0
SHP-00032,2025-06-19,South,WH-Delhi,Road,1429.9,101.1,19.48,19.47,-0.01,False,816.47,11.3,5,0
SHP-00845,2025-06-19,North,WH-Delhi,Road,589.7,281.6,8.7,9.02,0.32,True,465.53,10.5,4,0
SHP-00374,2025-06-19,West,WH-Kolkata,Road,2229.8,126.3,23.69,29.71,6.02,True,1234.98,8.1,3,0
SHP-00610,2025-06-19,West,WH-Chennai,Road,170.8,122.6,2.49,2.89,0.4,True,233.38,10.9,5,0
SHP-00407,2025-06-19,North,WH-Kolkata,Road,212.6,344.6,3.55,4.35,0.8,True,313.7,2.2,4,0
SHP-00160,2025-06-19,South,WH-Chennai,Road,2945.3,336.4,34.65,36.71,2.06,True,1726.67,7.1,3,0
SHP-01142,2025-06-20,West,WH-Delhi,Road,2179.8,208.4,25.74,26.92,1.18,True,1270.3,8.7,4,0
SHP-00149,2025-06-20,North,WH-Delhi,Air,2719.6,26.2,9.11,9.04,-0.07,False,4388.86,3.4,4,0
SHP-01007,2025-06-21,North,WH-Kolkata,Road,2340.8,219.9,23.68,28.74,5.06,True,1366.28,5.9,3,0
SHP-00121,2025-06-21,North,WH-Kolkata,Rail,1441.4,205.7,10.78,12.47,1.69,True,612.43,10.4,4,0
SHP-00217,2025-06-21,West,WH-Chennai,Road,535.5,122.4,4.27,5.04,0.77,True,385.06,9.6,4,0
SHP-00189,2025-06-21,South,WH-Chennai,Road,2833.5,82.0,35.87,36.91,1.04,True,1385.8,2.4,4,0
SHP-00331,2025-06-21,East,WH-Delhi,Rail,89.9,95.2,2.61,2.59,-0.02,False,20.0,6.9,5,0
SHP-00979,2025-06-22,East,WH-Bhopal,Road,2219.5,389.2,22.11,27.42,5.31,True,1435.43,9.8,2,0
SHP-00383,2025-06-22,South,WH-Bhopal,Air,1538.1,139.8,4.42,5.63,1.21,True,2759.64,3.5,4,0
SHP-00758,2025-06-22,North,WH-Delhi,Rail,1340.2,775.6,12.22,12.52,0.3,True,815.52,8.0,4,0
SHP-01112,2025-06-22,North,WH-Kolkata,Road,1452.1,445.2,19.25,18.76,-0.49,False,1006.75,3.0,5,0
SHP-00640,2025-06-22,South,WH-Mumbai,Road,2192.3,146.7,21.37,27.88,6.51,True,1234.17,6.9,3,0
SHP-00658,2025-06-22,East,WH-Mumbai,Road,837.4,513.9,11.44,11.49,0.05,True,841.43,7.8,5,0
SHP-00660,2025-06-22,Central,WH-Kolkata,Air,558.7,112.7,4.56,4.62,0.06,True,1154.21,2.2,5,0
SHP-00360,2025-06-23,North,WH-Bhopal,Rail,1530.4,822.1,12.27,12.84,0.57,True,845.97,3.5,4,0
SHP-00607,2025-06-23,West,WH-Delhi,Sea,1248.0,230.3,8.71,8.78,0.07,True,301.89,10.9,5,0
SHP-00036,2025-06-24,North,WH-Chennai,Sea,1392.6,123.2,10.56,10.38,-0.18,False,325.03,3.4,4,0
SHP-00307,2025-06-25,West,WH-Kolkata,Rail,747.2,628.8,7.71,8.47,0.76,True,616.76,2.2,4,0
SHP-00372,2025-06-25,East,WH-Chennai,Road,1788.4,219.0,21.21,23.54,2.33,True,1119.11,4.8,4,0
SHP-00728,2025-06-26,North,WH-Delhi,Road,2768.2,201.2,27.06,33.74,6.68,True,1589.0,5.4,2,0
SHP-00737,2025-06-26,North,WH-Bhopal,Road,1827.9,386.2,22.83,24.94,2.11,True,1234.42,3.7,4,0
SHP-00568,2025-06-26,West,WH-Delhi,Road,1844.6,299.9,19.53,25.09,5.56,True,1144.3,10.3,3,0
SHP-01196,2025-06-26,South,WH-Chennai,Road,2081.5,87.3,26.57,26.53,-0.04,False,1061.37,3.9,4,0
SHP-00544,2025-06-26,South,WH-Kolkata,Road,1208.1,172.6,15.09,14.58,-0.51,False,677.02,10.8,5,0
SHP-00696,2025-06-27,North,WH-Delhi,Air,2101.0,70.9,7.2,7.24,0.04,True,3556.89,3.1,4,0
SHP-00506,2025-06-27,South,WH-Delhi,Road,858.4,283.8,9.84,9.8,-0.04,False,700.43,5.6,5,0
SHP-01003,2025-06-27,South,WH-Kolkata,Road,1390.5,319.0,15.66,17.13,1.47,True,998.29,7.8,4,0
SHP-01076,2025-06-28,West,WH-Kolkata,Sea,1257.2,220.1,6.73,8.28,1.55,True,322.19,11.8,4,0
SHP-00138,2025-06-28,North,WH-Bhopal,Rail,898.8,350.6,6.27,8.12,1.85,True,415.56,3.0,4,1
SHP-01060,2025-06-28,West,WH-Bhopal,Road,1116.3,103.0,13.41,13.52,0.11,True,636.42,7.0,5,0
SHP-01188,2025-06-28,Central,WH-Chennai,Road,2631.1,117.9,28.89,32.94,4.05,True,1412.37,10.7,3,0
SHP-00509,2025-06-28,Central,WH-Bhopal,Road,853.1,173.0,8.7,10.93,2.23,True,515.78,6.0,3,0
SHP-01192,2025-06-29,East,WH-Kolkata,Rail,2699.5,168.4,19.91,24.44,4.53,True,867.15,7.6,3,0
SHP-00936,2025-06-29,South,WH-Chennai,Road,2645.8,203.7,32.57,32.72,0.15,True,1474.39,7.1,5,0
SHP-00490,2025-06-29,East,WH-Kolkata,Sea,711.9,475.8,5.8,6.4,0.6,True,297.71,10.7,4,1
SHP-00880,2025-06-29,North,WH-Kolkata,Road,1007.4,217.9,11.83,13.48,1.65,True,733.96,3.3,4,0
SHP-00195,2025-06-29,North,WH-Delhi,Rail,355.4,82.3,2.9,3.8,0.9,True,118.09,11.0,4,0
SHP-00406,2025-06-29,East,WH-Mumbai,Road,2216.0,335.4,22.1,27.91,5.81,True,1341.5,9.2,2,0
SHP-00588,2025-06-30,Central,WH-Mumbai,Rail,2427.0,2277.2,21.11,21.91,0.8,True,1986.01,5.6,4,0
SHP-00342,2025-06-30,South,WH-Chennai,Sea,1200.8,724.6,8.11,9.71,1.6,True,347.7,6.3,4,1
SHP-01189,2025-07-01,South,WH-Bhopal,Road,2441.9,357.2,31.61,30.78,-0.83,False,1474.03,4.8,5,1
SHP-01163,2025-07-01,Central,WH-Mumbai,Road,1054.3,148.5,10.95,13.39,2.44,True,585.27,5.2,3,0
SHP-00632,2025-07-01,West,WH-Kolkata,Road,1729.4,381.2,21.86,22.36,0.5,True,1151.83,8.6,5,0
SHP-00826,2025-07-02,Central,WH-Mumbai,Rail,2606.0,669.8,20.02,24.46,4.44,True,1134.39,6.3,3,0
SHP-00554,2025-07-02,East,WH-Mumbai,Road,1265.7,33.2,16.72,16.87,0.15,True,625.59,7.3,5,0
SHP-00224,2025-07-03,South,WH-Kolkata,Road,2485.1,257.3,28.25,31.02,2.77,True,1505.75,9.5,4,0
SHP-00810,2025-07-03,West,WH-Delhi,Road,420.3,309.3,4.85,6.1,1.25,True,510.19,11.9,4,0
SHP-01103,2025-07-03,West,WH-Bhopal,Rail,135.1,683.1,4.14,4.35,0.21,True,388.59,8.2,4,0
SHP-00831,2025-07-03,South,WH-Delhi,Sea,787.7,482.7,5.06,5.46,0.4,True,303.64,9.2,5,0
SHP-00467,2025-07-04,West,WH-Bhopal,Sea,2875.6,1020.7,17.0,19.22,2.22,True,805.04,11.4,4,0
SHP-00397,2025-07-05,Central,WH-Mumbai,Road,619.3,388.5,6.16,8.09,1.93,True,670.86,7.3,5,0
SHP-00590,2025-07-05,Central,WH-Chennai,Road,922.7,133.0,11.75,13.21,1.46,True,606.39,9.0,4,0
SHP-00694,2025-07-05,South,WH-Bhopal,Sea,213.3,684.3,1.85,2.31,0.46,True,228.52,2.1,5,0
SHP-00237,2025-07-06,South,WH-Bhopal,Rail,2949.9,1334.7,23.09,25.55,2.46,True,1652.54,5.4,4,0
SHP-00205,2025-07-06,Central,WH-Chennai,Sea,2582.5,1095.1,13.17,17.12,3.95,True,827.22,9.0,3,0
SHP-00893,2025-07-06,East,WH-Bhopal,Road,2055.2,36.3,22.56,25.86,3.3,True,1052.56,11.3,4,0
SHP-00155,2025-07-06,South,WH-Mumbai,Road,2887.6,184.2,36.72,35.63,-1.09,False,1628.75,8.0,5,0
SHP-00566,2025-07-06,East,WH-Chennai,Road,705.1,350.7,9.91,9.54,-0.37,False,648.59,4.3,5,0
SHP-00345,2025-07-07,North,WH-Mumbai,Road,504.7,600.7,7.07,6.76,-0.31,False,685.39,10.0,5,0
SHP-00033,2025-07-07,East,WH-Delhi,Road,854.7,65.7,11.74,12.02,0.28,True,596.44,7.6,5,0
SHP-00090,2025-07-07,South,WH-Chennai,Road,675.5,341.6,8.85,8.76,-0.09,False,653.78,9.6,4,0
SHP-00457,2025-07-08,North,WH-Bhopal,Rail,1655.3,405.3,10.89,13.12,2.23,True,716.11,10.4,4,0
SHP-00006,2025-07-08,South,WH-Mumbai,Rail,2211.5,865.5,18.26,18.89,0.63,True,1182.87,9.6,4,0
SHP-00399,2025-07-09,Central,WH-Delhi,Road,1867.9,234.2,18.88,25.0,6.12,True,1165.3,11.7,2,0
SHP-00080,2025-07-09,North,WH-Kolkata,Sea,998.5,551.2,6.64,8.44,1.8,True,293.11,4.1,4,0
SHP-00651,2025-07-09,North,WH-Bhopal,Road,1000.7,277.1,11.15,12.98,1.83,True,711.24,9.0,4,0
SHP-00174,2025-07-09,North,WH-Mumbai,Sea,2665.5,1205.0,14.14,17.1,2.96,True,870.1,8.5,4,0
SHP-00035,2025-07-09,North,WH-Delhi,Sea,2669.1,259.6,15.34,16.94,1.6,True,635.14,4.1,4,0
SHP-00550,2025-07-09,East,WH-Mumbai,Rail,2856.6,289.0,19.81,23.08,3.27,True,1113.37,7.1,3,1
SHP-00652,2025-07-10,South,WH-Chennai,Rail,2924.2,229.9,20.36,24.97,4.61,True,1024.1,9.7,4,0
SHP-00347,2025-07-10,West,WH-Bhopal,Road,1568.3,235.2,18.57,18.74,0.17,True,1009.14,11.3,4,0
SHP-00069,2025-07-10,South,WH-Delhi,Road,2984.1,365.9,28.23,37.4,9.17,True,1707.51,2.3,1,0
SHP-00702,2025-07-11,North,WH-Bhopal,Road,373.4,828.7,4.53,5.93,1.4,True,870.88,5.0,5,0
SHP-00788,2025-07-11,East,WH-Mumbai,Road,2541.0,190.9,24.24,31.85,7.61,True,1370.68,9.2,2,0
SHP-00905,2025-07-11,South,WH-Kolkata,Air,1918.7,125.9,6.31,6.52,0.21,True,3330.1,4.9,5,0
SHP-00458,2025-07-11,North,WH-Delhi,Sea,73.6,263.4,0.75,0.77,0.02,True,115.47,10.3,5,0
SHP-00022,2025-07-11,East,WH-Delhi,Road,103.1,179.1,1.71,1.79,0.08,True,235.22,3.4,4,0
SHP-00328,2025-07-11,East,WH-Kolkata,Rail,2343.1,622.6,20.92,20.48,-0.44,False,1145.22,3.6,5,0
SHP-00542,2025-07-11,South,WH-Delhi,Sea,1081.3,832.0,6.66,7.78,1.12,True,411.92,4.1,4,1
SHP-00613,2025-07-13,Central,WH-Delhi,Road,2521.7,518.9,25.02,31.74,6.72,True,1747.2,7.6,2,0
SHP-00293,2025-07-13,North,WH-Chennai,Rail,65.9,377.4,2.03,2.2,0.17,True,125.81,4.0,5,0
SHP-00975,2025-07-13,North,WH-Chennai,Rail,1900.8,669.8,14.79,15.38,0.59,True,821.51,2.8,5,0
SHP-00304,2025-07-14,East,WH-Chennai,Road,2449.6,355.7,25.36,29.94,4.58,True,1474.62,8.0,3,0
SHP-00835,2025-07-14,West,WH-Chennai,Air,1734.4,856.9,6.46,6.79,0.33,True,4903.81,9.7,4,0
SHP-00833,2025-07-14,Central,WH-Delhi,Sea,1561.3,1233.1,10.15,10.38,0.23,True,676.05,3.4,4,0
SHP-00533,2025-07-15,Central,WH-Chennai,Road,1615.6,91.9,22.71,21.85,-0.86,False,909.47,7.9,5,0
SHP-01088,2025-07-15,East,WH-Kolkata,Road,1898.6,720.1,21.79,23.12,1.33,True,1510.38,10.9,4,0
SHP-00418,2025-07-15,East,WH-Kolkata,Rail,153.8,405.4,2.61,3.09,0.48,True,220.88,2.7,4,0
SHP-00713,2025-07-16,West,WH-Bhopal,Road,1057.6,155.6,9.95,12.41,2.46,True,638.69,3.1,4,0
SHP-00743,2025-07-16,East,WH-Kolkata,Sea,2606.7,243.2,16.26,18.81,2.55,True,594.1,4.5,3,0
SHP-00946,2025-07-17,Central,WH-Mumbai,Sea,2080.6,1711.8,10.02,12.84,2.82,True,848.11,11.5,4,0
SHP-00231,2025-07-17,South,WH-Bhopal,Road,2508.0,271.9,28.67,30.6,1.93,True,1568.41,2.2,4,0
SHP-00182,2025-07-17,South,WH-Bhopal,Road,294.1,528.2,3.67,3.92,0.25,True,661.28,3.4,5,0
SHP-01193,2025-07-17,East,WH-Mumbai,Road,2208.2,711.9,23.6,27.86,4.26,True,1523.12,2.7,3,0
SHP-01073,2025-07-17,Central,WH-Kolkata,Rail,446.7,590.3,3.17,3.78,0.61,True,445.0,11.4,4,0
SHP-00220,2025-07-17,East,WH-Bhopal,Road,2349.7,232.3,27.0,29.32,2.32,True,1343.35,11.3,3,0
SHP-00247,2025-07-18,East,WH-Chennai,Sea,1371.5,1454.0,9.63,9.18,-0.45,False,591.97,2.2,5,0
SHP-01129,2025-07-19,South,WH-Bhopal,Air,762.7,25.4,5.74,5.85,0.11,True,1246.99,10.9,4,0
SHP-00235,2025-07-20,Central,WH-Kolkata,Sea,799.4,70.4,5.2,5.28,0.08,True,137.0,5.1,5,0
SHP-00704,2025-07-20,South,WH-Bhopal,Road,2788.6,180.2,32.39,33.78,1.39,True,1444.69,7.9,4,0
SHP-00112,2025-07-20,West,WH-Mumbai,Road,1605.1,122.5,18.4,18.61,0.21,True,871.14,11.1,4,0
SHP-01171,2025-07-21,North,WH-Kolkata,Road,2100.8,312.8,26.45,26.09,-0.36,False,1322.38,2.2,5,0
SHP-00908,2025-07-21,South,WH-Delhi,Road,330.4,285.6,4.4,4.96,0.56,True,349.8,3.8,5,0
SHP-00073,2025-07-21,East,WH-Delhi,Road,177.4,235.0,2.24,2.7,0.46,True,334.79,10.9,4,0
SHP-00635,2025-07-21,South,WH-Mumbai,Sea,610.1,541.6,4.47,4.66,0.19,True,269.32,10.9,5,0
SHP-00751,2025-07-21,West,WH-Bhopal,Rail,2580.9,535.9,20.19,23.34,3.15,True,1089.32,3.4,3,1
SHP-00666,2025-07-22,South,WH-Mumbai,Air,549.7,89.7,2.56,2.89,0.33,True,1053.0,3.7,5,0
SHP-00223,2025-07-22,West,WH-Delhi,Sea,2101.5,708.9,11.77,14.33,2.56,True,660.57,5.4,4,0
SHP-00977,2025-07-22,South,WH-Delhi,Rail,912.6,135.5,9.6,9.37,-0.23,False,364.26,2.5,4,0
SHP-00474,2025-07-23,West,WH-Kolkata,Road,677.5,76.4,7.9,9.0,1.1,True,416.29,9.8,4,0
SHP-00759,2025-07-24,North,WH-Bhopal,Sea,2801.3,565.2,17.73,18.12,0.39,True,686.81,8.3,5,0
SHP-00818,2025-07-24,South,WH-Delhi,Road,1439.7,235.6,15.46,18.37,2.91,True,819.62,3.5,4,0
SHP-00574,2025-07-25,North,WH-Kolkata,Rail,2666.5,808.5,22.79,24.15,1.36,True,1318.43,10.2,4,0
SHP-00060,2025-07-25,North,WH-Bhopal,Road,810.5,507.3,8.43,10.93,2.5,True,843.71,6.9,4,0
SHP-00881,2025-07-26,North,WH-Bhopal,Road,2356.0,204.6,26.46,29.14,2.68,True,1328.68,3.8,4,0
SHP-00782,2025-07-26,North,WH-Bhopal,Road,2028.1,402.0,19.51,25.62,6.11,True,1306.41,7.6,2,0
SHP-00134,2025-07-26,North,WH-Mumbai,Sea,1773.7,309.0,11.25,12.14,0.89,True,419.53,7.6,4,0
SHP-00296,2025-07-27,North,WH-Bhopal,Road,1840.1,1209.8,21.0,24.14,3.14,True,1868.41,5.5,4,0
SHP-00083,2025-07-27,Central,WH-Mumbai,Sea,614.1,917.7,4.43,5.25,0.82,True,456.43,4.6,5,0
SHP-00275,2025-07-27,East,WH-Delhi,Sea,2692.6,678.4,17.36,19.01,1.65,True,704.12,9.6,3,0
SHP-01138,2025-07-29,South,WH-Kolkata,Sea,2049.8,92.8,10.39,13.23,2.84,True,394.93,11.3,4,0
SHP-01182,2025-07-29,East,WH-Mumbai,Road,377.2,787.4,6.56,7.4,0.84,True,842.67,5.4,4,0
SHP-00986,2025-07-31,East,WH-Mumbai,Road,2472.2,297.6,24.63,31.15,6.52,True,1590.3,11.3,3,0
SHP-00918,2025-07-31,East,WH-Chennai,Sea,2672.1,1965.8,14.98,15.6,0.62,True,1039.13,11.8,4,0
SHP-00705,2025-07-31,Central,WH-Chennai,Rail,211.6,1256.3,3.42,3.3,-0.12,False,729.98,4.1,5,0
SHP-00082,2025-08-01,East,WH-Chennai,Road,2988.7,483.6,32.63,36.73,4.1,True,1923.27,4.2,3,0
SHP-01043,2025-08-01,East,WH-Mumbai,Road,2817.3,1144.4,26.87,34.09,7.22,True,2253.14,8.6,2,0
SHP-00665,2025-08-01,South,WH-Kolkata,Air,853.2,105.8,3.78,4.25,0.47,True,1624.91,11.4,4,0
SHP-00885,2025-08-02,West,WH-Kolkata,Road,963.2,234.1,13.61,13.07,-0.54,False,616.05,11.9,4,0
SHP-00123,2025-08-02,North,WH-Kolkata,Road,186.9,241.6,3.82,4.29,0.47,True,318.16,8.4,4,0
SHP-00864,2025-08-02,East,WH-Kolkata,Road,1507.8,116.7,15.65,19.02,3.37,True,747.52,8.0,3,0
SHP-01156,2025-08-02,West,WH-Bhopal,Road,634.2,878.7,9.03,9.02,-0.01,False,985.11,7.0,4,0
SHP-00393,2025-08-03,North,WH-Kolkata,Sea,949.3,1296.7,5.16,6.55,1.39,True,505.23,7.5,4,0
SHP-00078,2025-08-03,Central,WH-Bhopal,Rail,862.5,364.6,9.7,9.55,-0.15,False,479.62,3.1,5,0
SHP-00595,2025-08-03,North,WH-Delhi,Rail,1933.7,573.8,13.91,15.51,1.6,True,930.92,3.8,4,0
SHP-00010,2025-08-03,East,WH-Mumbai,Road,2435.9,244.2,22.65,28.4,5.75,True,1318.58,6.9,3,0
SHP-00525,2025-08-03,West,WH-Bhopal,Road,1404.0,114.5,17.09,18.53,1.44,True,859.03,8.5,4,0
SHP-00889,2025-08-04,West,WH-Mumbai,Air,2426.7,210.1,7.43,8.17,0.74,True,4346.11,10.6,4,0
SHP-01102,2025-08-04,South,WH-Delhi,Sea,2955.6,1371.3,15.44,20.33,4.89,True,946.68,3.9,3,0
SHP-00118,2025-08-04,North,WH-Kolkata,Road,2221.9,317.2,21.81,27.37,5.56,True,1392.08,3.2,3,0
SHP-00088,2025-08-05,East,WH-Chennai,Road,2909.9,142.0,36.67,37.62,0.95,True,1557.2,9.8,4,0
SHP-00733,2025-08-05,West,WH-Chennai,Air,1582.2,94.1,4.58,5.72,1.14,True,2779.75,6.6,4,0
SHP-00564,2025-08-05,West,WH-Kolkata,Road,1493.2,195.6,16.31,19.75,3.44,True,903.81,7.4,4,0
SHP-00624,2025-08-05,West,WH-Kolkata,Rail,2280.1,852.1,14.88,17.49,2.61,True,1125.95,5.7,3,0
SHP-00557,2025-08-05,South,WH-Mumbai,Road,1489.9,113.8,16.26,18.67,2.41,True,846.83,4.9,4,0
SHP-00537,2025-08-05,South,WH-Chennai,Sea,737.5,181.2,6.02,6.28,0.26,True,265.76,7.8,5,0
SHP-00475,2025-08-06,East,WH-Delhi,Rail,1830.6,515.2,13.42,15.79,2.37,True,890.93,11.8,3,0
SHP-00857,2025-08-06,North,WH-Bhopal,Road,711.6,100.6,7.57,9.73,2.16,True,472.31,6.4,4,0
SHP-01135,2025-08-06,South,WH-Bhopal,Road,1523.7,712.5,19.1,18.73,-0.37,False,1379.86,6.1,5,0
SHP-00130,2025-08-06,East,WH-Kolkata,Road,1984.1,155.4,23.34,26.19,2.85,True,1116.15,10.9,3,0
SHP-00218,2025-08-06,South,WH-Chennai,Road,2273.4,428.7,22.68,28.01,5.33,True,1507.64,5.3,3,0
SHP-00070,2025-08-06,South,WH-Kolkata,Sea,1471.9,75.2,9.62,10.99,1.37,True,280.26,9.1,4,0
SHP-00332,2025-08-08,Central,WH-Delhi,Air,528.4,202.4,3.22,3.9,0.68,True,1292.54,6.9,4,0
SHP-00469,2025-08-08,South,WH-Mumbai,Air,2803.3,296.3,8.9,8.97,0.07,True,5028.78,5.5,4,0
SHP-00967,2025-08-08,West,WH-Chennai,Sea,928.1,838.5,5.88,6.49,0.61,True,437.08,3.7,4,0
SHP-00643,2025-08-08,East,WH-Kolkata,Road,984.0,35.6,13.15,13.98,0.83,True,538.98,11.8,4,0
SHP-00698,2025-08-08,West,WH-Chennai,Road,1937.3,135.2,23.09,25.33,2.24,True,1073.87,8.1,4,0
SHP-00209,2025-08-08,Central,WH-Bhopal,Rail,1706.7,194.4,13.23,16.27,3.04,True,620.87,8.9,3,0
SHP-00706,2025-08-08,East,WH-Kolkata,Air,1293.6,162.3,3.48,4.5,1.02,True,2409.51,4.6,4,0
SHP-00596,2025-08-09,North,WH-Chennai,Rail,199.3,1369.4,2.53,2.99,0.46,True,727.34,2.7,5,0
SHP-00776,2025-08-10,West,WH-Bhopal,Air,2574.7,57.2,12.3,11.96,-0.34,False,4184.65,8.9,5,0
SHP-00481,2025-08-10,North,WH-Mumbai,Rail,2916.0,423.9,23.41,24.91,1.5,True,1081.89,12.0,4,1
SHP-00145,2025-08-10,West,WH-Kolkata,Rail,1891.4,172.7,12.13,16.02,3.89,True,655.33,2.3,3,1
SHP-00575,2025-08-11,East,WH-Kolkata,Road,2440.8,129.3,29.29,32.05,2.76,True,1290.55,9.0,4,0
SHP-00491,2025-08-11,East,WH-Delhi,Rail,1506.9,881.0,12.82,14.58,1.76,True,912.36,2.2,4,0
SHP-00591,2025-08-11,East,WH-Bhopal,Rail,2670.2,49.3,23.55,24.07,0.52,True,768.43,10.3,4,0
SHP-00964,2025-08-11,South,WH-Bhopal,Rail,1474.3,760.2,12.02,14.19,2.17,True,859.56,4.7,4,0
SHP-00355,2025-08-11,North,WH-Kolkata,Sea,532.6,380.3,3.65,4.62,0.97,True,224.35,4.0,4,0
SHP-00212,2025-08-12,East,WH-Chennai,Sea,889.8,276.0,6.81,7.34,0.53,True,264.13,7.8,4,0
SHP-00684,2025-08-12,North,WH-Delhi,Road,2397.6,212.3,25.93,28.56,2.63,True,1289.25,4.1,4,0
SHP-00726,2025-08-12,South,WH-Kolkata,Sea,187.0,832.6,2.01,2.27,0.26,True,228.64,3.8,5,0
SHP-00551,2025-08-12,North,WH-Delhi,Air,1885.8,94.6,4.79,5.51,0.72,True,3149.91,6.3,4,0
SHP-00186,2025-08-13,East,WH-Kolkata,Road,1343.9,175.2,17.27,17.54,0.27,True,836.39,9.1,4,0
SHP-00987,2025-08-13,North,WH-Chennai,Sea,322.4,474.9,3.03,3.8,0.77,True,130.75,5.1,5,0
SHP-00175,2025-08-13,West,WH-Bhopal,Rail,826.0,246.4,7.22,7.61,0.39,True,330.41,7.3,4,0
SHP-01068,2025-08-13,South,WH-Chennai,Road,727.6,4.0,9.34,9.0,-0.34,False,341.16,7.5,4,1
SHP-00213,2025-08-13,Central,WH-Kolkata,Rail,2668.4,774.0,19.37,22.48,3.11,True,1291.51,4.0,4,0
SHP-00790,2025-08-14,East,WH-Chennai,Road,1274.9,36.2,15.3,15.67,0.37,True,629.28,4.4,4,0
SHP-00318,2025-08-14,Central,WH-Delhi,Road,2883.7,414.6,28.19,35.5,7.31,True,1711.02,7.8,2,0
SHP-00939,2025-08-14,South,WH-Kolkata,Rail,2301.8,823.4,16.35,18.01,1.66,True,1061.28,5.1,4,0
SHP-00125,2025-08-15,South,WH-Mumbai,Road,1897.0,504.0,19.03,24.35,5.32,True,1359.71,4.1,3,0
SHP-00287,2025-08-15,North,WH-Mumbai,Air,1466.1,69.9,5.76,6.2,0.44,True,2396.63,8.8,5,0
SHP-00903,2025-08-15,West,WH-Bhopal,Road,982.2,654.7,12.44,13.37,0.93,True,1059.93,10.6,5,0
SHP-00670,2025-08-15,West,WH-Bhopal,Road,2228.1,37.7,22.46,28.31,5.85,True,1101.72,6.0,2,0
SHP-00543,2025-08-15,Central,WH-Chennai,Road,913.4,172.5,8.53,10.9,2.37,True,613.15,11.5,4,0
SHP-00701,2025-08-16,West,WH-Chennai,Road,573.4,263.7,5.66,6.95,1.29,True,479.29,8.5,4,0
SHP-01100,2025-08-16,North,WH-Chennai,Road,2968.6,141.9,29.99,38.08,8.09,True,1612.23,11.1,2,0
SHP-00926,2025-08-16,South,WH-Chennai,Rail,2976.1,190.5,23.85,25.28,1.43,True,959.35,5.3,4,0
SHP-00783,2025-08-17,East,WH-Mumbai,Rail,989.1,180.8,6.84,8.57,1.73,True,311.13,5.8,4,0
SHP-00439,2025-08-17,North,WH-Delhi,Road,2989.1,317.8,33.31,37.96,4.65,True,1723.27,4.6,3,0
SHP-01038,2025-08-17,East,WH-Kolkata,Road,1016.9,120.5,13.54,13.3,-0.24,False,609.99,7.2,5,0
SHP-00668,2025-08-17,East,WH-Chennai,Road,2171.0,389.9,23.85,28.58,4.73,True,1404.49,9.6,3,1
SHP-00942,2025-08-17,Central,WH-Mumbai,Road,2946.6,596.8,37.57,36.22,-1.35,False,1924.44,2.2,5,0
SHP-00962,2025-08-17,West,WH-Kolkata,Air,1369.3,23.7,4.42,4.55,0.13,True,2173.67,5.0,5,0
SHP-00605,2025-08-18,Central,WH-Kolkata,Road,1150.0,404.1,12.81,15.88,3.07,True,827.95,6.3,4,0
SHP-00312,2025-08-18,West,WH-Kolkata,Sea,215.9,2656.6,0.97,0.96,-0.01,False,822.75,11.3,4,0
SHP-01082,2025-08-19,North,WH-Delhi,Road,1189.2,176.9,14.55,15.59,1.04,True,797.02,11.7,4,0
SHP-00141,2025-08-19,South,WH-Delhi,Road,2600.4,518.0,34.71,33.35,-1.36,False,1673.47,2.3,5,0
SHP-00911,2025-08-19,East,WH-Mumbai,Air,1006.2,40.2,3.09,4.07,0.98,True,1671.24,7.2,4,0
SHP-00108,2025-08-19,Central,WH-Mumbai,Road,558.4,378.1,6.41,7.48,1.07,True,580.36,5.0,4,0
SHP-00146,2025-08-19,East,WH-Mumbai,Sea,439.5,2192.7,3.67,3.6,-0.07,False,744.7,9.3,5,0
SHP-00173,2025-08-19,Central,WH-Kolkata,Road,2438.8,229.4,27.8,31.45,3.65,True,1420.94,7.2,3,1
SHP-00922,2025-08-21,West,WH-Kolkata,Road,668.1,262.3,8.82,8.78,-0.04,False,486.54,7.9,4,0
SHP-00674,2025-08-21,North,WH-Mumbai,Road,424.2,95.8,5.51,5.75,0.24,True,285.97,3.7,4,0
SHP-00570,2025-08-21,Central,WH-Mumbai,Road,2834.8,41.8,33.28,33.79,0.51,True,1421.08,6.6,4,0
SHP-00179,2025-08-21,Central,WH-Kolkata,Sea,2216.2,1249.7,11.93,15.2,3.27,True,771.88,4.6,3,0
SHP-00337,2025-08-21,West,WH-Mumbai,Road,2164.3,445.7,23.84,27.91,4.07,True,1350.29,7.9,3,0
SHP-00851,2025-08-21,North,WH-Chennai,Road,2260.0,163.8,26.51,28.89,2.38,True,1191.4,7.7,4,0
SHP-00194,2025-08-21,North,WH-Chennai,Sea,2355.8,721.0,15.2,15.56,0.36,True,652.11,9.2,5,0
SHP-00271,2025-08-21,West,WH-Bhopal,Road,1664.8,340.0,21.12,23.02,1.9,True,1149.98,2.3,4,0
SHP-00188,2025-08-22,West,WH-Delhi,Rail,1290.0,168.9,9.92,12.42,2.5,True,582.02,6.6,4,0
SHP-00597,2025-08-23,South,WH-Kolkata,Sea,2782.5,1084.6,14.84,17.44,2.6,True,900.72,4.3,3,0
SHP-00820,2025-08-23,South,WH-Chennai,Road,747.9,105.0,9.15,9.52,0.37,True,394.73,11.4,4,0
SHP-00931,2025-08-24,East,WH-Kolkata,Road,283.0,297.7,4.89,4.95,0.06,True,402.92,5.1,4,0
SHP-01024,2025-08-24,East,WH-Mumbai,Rail,2245.2,95.8,19.18,19.83,0.65,True,806.86,5.7,5,0
SHP-00028,2025-08-24,North,WH-Mumbai,Road,449.7,283.9,5.2,6.74,1.54,True,463.22,4.2,5,0
SHP-00775,2025-08-24,South,WH-Chennai,Rail,483.3,478.6,6.84,6.84,0.0,False,383.96,7.2,4,0
SHP-01051,2025-08-25,North,WH-Mumbai,Road,2160.5,322.5,26.75,26.43,-0.32,False,1328.08,7.9,4,0
SHP-00147,2025-08-25,West,WH-Kolkata,Sea,2280.9,693.3,11.69,12.9,1.21,True,665.48,10.3,4,0
SHP-00455,2025-08-25,West,WH-Kolkata,Road,2568.9,399.1,27.89,30.04,2.15,True,1605.58,9.7,4,0
SHP-00084,2025-08-25,West,WH-Bhopal,Road,972.6,261.2,9.6,10.7,1.1,True,763.44,5.0,4,0
SHP-00309,2025-08-26,Central,WH-Mumbai,Rail,1749.7,333.1,14.54,14.85,0.31,True,668.85,9.2,4,0
SHP-00898,2025-08-26,North,WH-Kolkata,Rail,1948.5,257.6,17.1,17.13,0.03,True,726.69,3.2,4,0
SHP-00473,2025-08-26,East,WH-Delhi,Road,851.5,124.8,10.21,10.05,-0.16,False,500.92,11.2,5,0
SHP-00865,2025-08-27,South,WH-Kolkata,Road,2209.0,130.4,22.66,27.53,4.87,True,1212.96,5.5,2,0
SHP-00900,2025-08-27,South,WH-Bhopal,Road,1336.9,360.4,16.86,18.86,2.0,True,932.21,3.9,4,0
SHP-00600,2025-08-27,West,WH-Kolkata,Rail,2045.3,190.4,12.5,16.12,3.62,True,789.16,9.7,3,0
SHP-00727,2025-08-27,West,WH-Chennai,Road,90.5,124.9,2.13,2.2,0.07,True,119.02,2.1,5,0
SHP-00448,2025-08-27,South,WH-Kolkata,Sea,2109.6,534.8,15.07,15.26,0.19,True,637.03,2.6,5,0
SHP-00822,2025-08-28,East,WH-Bhopal,Road,438.6,98.6,5.32,6.83,1.51,True,321.56,9.3,4,0
SHP-00232,2025-08-28,North,WH-Mumbai,Road,2791.8,273.1,27.7,34.34,6.64,True,1546.14,8.5,2,0
SHP-00707,2025-08-28,West,WH-Bhopal,Rail,2137.2,246.4,14.28,18.82,4.54,True,742.24,6.3,3,0
SHP-00142,2025-08-29,West,WH-Bhopal,Road,1523.7,375.5,16.09,19.03,2.94,True,1078.74,11.8,3,0
SHP-00052,2025-08-30,Central,WH-Kolkata,Sea,2920.2,617.8,17.83,17.69,-0.14,False,813.16,7.8,5,0
SHP-00523,2025-08-30,East,WH-Bhopal,Road,2257.8,209.0,27.88,29.27,1.39,True,1273.83,10.4,4,0
SHP-00718,2025-08-30,South,WH-Mumbai,Sea,1760.5,1142.7,11.25,11.07,-0.18,False,679.67,2.8,5,0
SHP-00642,2025-08-30,North,WH-Delhi,Air,932.1,31.5,3.34,3.28,-0.06,False,1489.54,3.9,5,0
SHP-01116,2025-08-31,Central,WH-Bhopal,Rail,1866.4,920.7,15.96,16.78,0.82,True,1000.43,5.9,4,0
SHP-00959,2025-08-31,North,WH-Mumbai,Road,2423.9,436.7,24.74,29.26,4.52,True,1633.45,7.2,3,0
SHP-00156,2025-08-31,North,WH-Mumbai,Road,1975.2,78.2,25.99,25.11,-0.88,False,1077.95,3.6,4,0
SHP-00040,2025-09-01,North,WH-Bhopal,Air,94.8,12.6,0.53,0.59,0.06,True,132.84,3.5,5,0
SHP-01177,2025-09-01,South,WH-Mumbai,Road,2082.5,212.0,21.0,26.92,5.92,True,1137.2,10.2,2,0
SHP-00371,2025-09-03,South,WH-Mumbai,Rail,590.4,1167.2,5.26,6.17,0.91,True,751.87,7.3,5,0
SHP-00486,2025-09-03,South,WH-Bhopal,Road,798.2,24.0,8.75,10.08,1.33,True,473.79,9.5,4,0
SHP-00462,2025-09-04,Central,WH-Bhopal,Air,289.1,162.3,2.55,3.29,0.74,True,917.67,8.7,4,0
SHP-00221,2025-09-04,Central,WH-Chennai,Air,116.2,48.9,1.11,1.28,0.17,True,375.66,4.1,5,0
SHP-00803,2025-09-04,East,WH-Delhi,Sea,1692.4,1144.0,11.82,12.46,0.64,True,707.07,2.1,4,0
SHP-00501,2025-09-04,South,WH-Delhi,Rail,1990.5,342.3,15.4,18.47,3.07,True,716.28,4.2,4,0
SHP-00958,2025-09-04,North,WH-Kolkata,Road,848.0,324.4,10.85,11.35,0.5,True,697.62,2.2,5,0
SHP-00375,2025-09-04,West,WH-Delhi,Road,2447.2,177.7,29.46,31.78,2.32,True,1368.47,2.0,4,1
SHP-00539,2025-09-06,South,WH-Chennai,Road,2473.5,276.1,25.67,30.3,4.63,True,1379.98,10.4,3,0
SHP-00861,2025-09-06,Central,WH-Kolkata,Road,326.8,82.5,4.18,5.18,1.0,True,181.51,6.6,4,0
SHP-00799,2025-09-06,Central,WH-Delhi,Air,1911.6,76.6,6.79,6.82,0.03,True,3215.52,8.4,5,0
SHP-00824,2025-09-06,East,WH-Delhi,Rail,2535.2,421.8,21.61,22.24,0.63,True,1055.22,5.7,4,0
SHP-00492,2025-09-07,West,WH-Kolkata,Air,2886.7,238.8,9.26,9.8,0.54,True,5124.38,3.3,4,0
SHP-00768,2025-09-07,West,WH-Mumbai,Road,2052.8,226.0,23.92,26.61,2.69,True,1151.24,8.3,4,0
SHP-00484,2025-09-07,North,WH-Bhopal,Road,714.5,144.6,8.32,9.51,1.19,True,470.51,5.7,4,0
SHP-01187,2025-09-08,West,WH-Kolkata,Road,1429.4,185.5,16.5,17.24,0.74,True,854.28,2.9,4,0
SHP-00777,2025-09-08,Central,WH-Bhopal,Road,2058.7,335.3,23.64,26.63,2.99,True,1391.33,2.8,4,0
SHP-00719,2025-09-08,West,WH-Kolkata,Rail,529.4,390.6,4.81,5.94,1.13,True,240.98,10.3,4,0
SHP-00667,2025-09-09,East,WH-Bhopal,Road,1881.4,144.0,21.12,22.83,1.71,True,1020.86,4.6,4,0
SHP-00079,2025-09-09,West,WH-Bhopal,Road,2904.8,164.9,30.45,36.79,6.34,True,1591.69,9.0,2,0
SHP-00789,2025-09-09,North,WH-Kolkata,Road,755.7,286.9,9.9,11.26,1.36,True,660.57,3.1,4,0
SHP-00089,2025-09-09,East,WH-Kolkata,Sea,2185.8,1237.4,11.95,13.11,1.16,True,827.03,11.3,4,0
SHP-00629,2025-09-09,Central,WH-Bhopal,Rail,2348.1,642.8,16.12,19.05,2.93,True,1070.89,5.2,3,0
SHP-00242,2025-09-09,North,WH-Bhopal,Road,1255.9,232.5,12.42,16.51,4.09,True,827.38,4.4,3,0
SHP-00259,2025-09-09,West,WH-Mumbai,Road,1994.2,516.6,19.85,25.43,5.58,True,1348.53,5.4,3,0
SHP-00879,2025-09-10,Central,WH-Delhi,Road,1253.5,89.8,12.88,14.63,1.75,True,652.31,3.6,4,1
SHP-00710,2025-09-10,East,WH-Delhi,Rail,580.0,442.2,6.82,6.51,-0.31,False,425.56,8.8,5,0
SHP-00027,2025-09-10,North,WH-Chennai,Road,2396.1,517.2,29.61,29.9,0.29,True,1560.56,6.2,4,0
SHP-00348,2025-09-10,North,WH-Kolkata,Rail,361.8,1117.0,3.76,3.87,0.11,True,656.64,3.1,5,0
SHP-00522,2025-09-10,North,WH-Mumbai,Rail,1282.8,370.6,12.77,12.56,-0.21,False,543.16,6.1,5,0
SHP-00604,2025-09-10,South,WH-Kolkata,Rail,2059.1,323.5,16.66,17.95,1.29,True,836.89,6.3,5,0
SHP-00480,2025-09-11,North,WH-Bhopal,Rail,1543.7,345.4,12.89,12.42,-0.47,False,686.97,2.4,5,0
SHP-01124,2025-09-11,South,WH-Delhi,Road,2140.6,29.9,19.85,25.75,5.9,True,1135.85,9.9,3,0
SHP-00266,2025-09-11,North,WH-Chennai,Road,2786.6,416.8,31.72,33.71,1.99,True,1641.82,6.5,4,0
SHP-01087,2025-09-11,East,WH-Chennai,Rail,632.5,1755.6,6.02,7.7,1.68,True,1082.78,11.4,4,0
SHP-00286,2025-09-11,East,WH-Kolkata,Sea,2156.0,940.8,11.47,13.43,1.96,True,694.82,8.9,3,0
SHP-00131,2025-09-12,West,WH-Mumbai,Rail,755.8,1271.2,5.84,7.18,1.34,True,902.48,2.1,4,0
SHP-00780,2025-09-12,West,WH-Kolkata,Road,2412.0,295.0,24.52,29.08,4.56,True,1515.87,6.2,3,0
SHP-00226,2025-09-12,West,WH-Mumbai,Rail,1466.3,715.4,12.37,12.94,0.57,True,743.39,6.2,4,0
SHP-00350,2025-09-13,West,WH-Bhopal,Rail,1581.5,902.9,9.76,12.71,2.95,True,959.44,8.7,3,0
SHP-00712,2025-09-13,East,WH-Mumbai,Rail,1186.2,401.3,9.54,10.9,1.36,True,511.99,9.3,4,0
SHP-00875,2025-09-14,North,WH-Bhopal,Road,2694.7,630.4,34.23,34.12,-0.11,False,1880.34,5.4,5,0
SHP-00495,2025-09-14,Central,WH-Bhopal,Rail,1046.3,326.6,7.81,8.77,0.96,True,488.26,9.1,4,0
SHP-00128,2025-09-14,South,WH-Bhopal,Road,277.6,117.5,2.57,2.64,0.07,True,245.75,3.4,5,0
SHP-01158,2025-09-14,North,WH-Chennai,Sea,216.4,725.1,2.86,3.41,0.55,True,234.11,4.1,4,0
SHP-00502,2025-09-15,East,WH-Kolkata,Air,2879.4,75.2,9.87,9.59,-0.28,False,4770.86,3.5,4,0
SHP-00019,2025-09-15,East,WH-Bhopal,Rail,834.8,488.9,6.29,6.85,0.56,True,493.02,11.1,4,0
SHP-00240,2025-09-16,Central,WH-Mumbai,Road,1011.0,103.8,14.1,14.41,0.31,True,566.7,11.2,4,0
SHP-00771,2025-09-16,Central,WH-Bhopal,Road,2866.2,67.1,37.9,37.11,-0.79,False,1521.4,9.7,4,0
SHP-00747,2025-09-16,West,WH-Kolkata,Sea,2529.2,336.1,13.11,16.21,3.1,True,562.5,11.9,4,0
SHP-01001,2025-09-16,South,WH-Kolkata,Road,1042.6,734.3,14.14,13.87,-0.27,False,1059.49,3.7,4,0
SHP-00180,2025-09-16,North,WH-Delhi,Road,1926.0,238.3,20.46,25.22,4.76,True,1203.01,4.8,3,0
SHP-00680,2025-09-16,Central,WH-Delhi,Road,345.0,190.1,4.73,4.66,-0.07,False,344.05,6.9,4,0
SHP-00067,2025-09-17,West,WH-Mumbai,Sea,884.9,312.7,5.69,6.35,0.66,True,264.19,10.6,5,0
SHP-00760,2025-09-17,Central,WH-Mumbai,Road,1915.8,265.9,18.02,23.47,5.45,True,1205.97,2.4,3,0
SHP-01107,2025-09-18,South,WH-Bhopal,Sea,2524.7,1284.8,17.23,16.54,-0.69,False,915.25,2.4,5,0
SHP-01005,2025-09-18,Central,WH-Bhopal,Rail,680.0,55.3,6.35,6.79,0.44,True,314.66,5.5,5,0
SHP-00107,2025-09-18,North,WH-Delhi,Road,1462.2,91.1,18.39,20.08,1.69,True,693.13,10.9,4,0
SHP-00419,2025-09-19,North,WH-Mumbai,Road,2739.9,184.6,29.02,33.58,4.56,True,1496.95,6.7,3,0
SHP-00816,2025-09-19,Central,WH-Chennai,Road,2722.3,159.1,28.54,32.98,4.44,True,1494.88,10.6,2,0
SHP-00258,2025-09-20,North,WH-Delhi,Road,2978.2,468.4,32.48,36.99,4.51,True,1917.27,9.4,3,0
SHP-00315,2025-09-21,East,WH-Chennai,Rail,2361.6,305.9,15.2,18.46,3.26,True,991.43,5.4,3,0
SHP-00412,2025-09-21,East,WH-Delhi,Sea,1323.4,367.6,7.73,9.29,1.56,True,311.28,6.9,4,0
SHP-00386,2025-09-21,East,WH-Chennai,Sea,1512.3,401.4,9.48,10.2,0.72,True,482.07,4.5,5,0
SHP-00528,2025-09-21,Central,WH-Bhopal,Road,1831.0,185.0,22.79,23.82,1.03,True,1140.5,8.9,5,1
SHP-00930,2025-09-21,South,WH-Delhi,Road,555.6,634.2,5.89,7.66,1.77,True,836.15,8.5,4,0
SHP-00058,2025-09-21,Central,WH-Mumbai,Rail,1734.7,617.6,11.23,14.68,3.45,True,808.54,2.8,3,0
SHP-00053,2025-09-22,West,WH-Chennai,Road,703.3,190.6,7.9,8.71,0.81,True,574.97,8.8,5,0
SHP-00572,2025-09-22,North,WH-Kolkata,Road,2558.0,425.8,25.19,30.82,5.63,True,1626.64,5.9,3,0
SHP-01017,2025-09-22,West,WH-Mumbai,Rail,2445.1,846.2,20.5,21.6,1.1,True,1065.32,6.4,4,0
SHP-01036,2025-09-24,East,WH-Delhi,Sea,590.4,392.7,4.7,6.1,1.4,True,209.7,5.1,4,0
SHP-01157,2025-09-24,Central,WH-Chennai,Sea,445.7,543.6,2.97,2.93,-0.04,False,262.02,8.5,5,0
SHP-00254,2025-09-24,East,WH-Bhopal,Road,261.6,125.8,2.81,3.67,0.86,True,233.88,3.2,4,0
SHP-00729,2025-09-24,East,WH-Chennai,Road,429.4,200.7,4.7,5.63,0.93,True,347.68,6.8,4,0
SHP-00511,2025-09-25,Central,WH-Delhi,Road,2516.0,234.9,28.46,31.2,2.74,True,1516.76,2.4,4,0
SHP-00553,2025-09-25,North,WH-Kolkata,Rail,929.2,267.3,6.96,8.06,1.1,True,430.13,6.3,4,0
SHP-00773,2025-09-25,East,WH-Kolkata,Rail,2805.2,273.2,18.99,22.81,3.82,True,888.07,2.5,3,1
SHP-00114,2025-09-25,Central,WH-Delhi,Air,65.0,103.1,0.46,0.5,0.04,True,387.17,6.2,5,0
SHP-00199,2025-09-25,North,WH-Kolkata,Road,1668.5,145.5,21.69,21.25,-0.44,False,931.3,4.7,4,0
SHP-00427,2025-09-26,South,WH-Chennai,Road,546.2,63.2,6.24,7.28,1.04,True,407.98,4.6,5,0
SHP-00074,2025-09-27,South,WH-Delhi,Sea,963.3,1087.3,7.43,7.91,0.48,True,445.95,4.6,4,0
SHP-01039,2025-09-27,South,WH-Kolkata,Road,2587.2,386.3,30.67,32.15,1.48,True,1593.08,3.9,5,0
SHP-00034,2025-09-28,South,WH-Chennai,Sea,1417.5,252.2,10.13,10.38,0.25,True,340.14,4.5,4,0
SHP-00409,2025-09-28,Central,WH-Delhi,Road,2123.8,113.2,19.34,25.13,5.79,True,1205.43,8.4,3,0
SHP-00077,2025-09-28,South,WH-Mumbai,Road,1980.0,474.3,27.37,26.3,-1.07,False,1374.83,5.4,5,0
SHP-00003,2025-09-28,North,WH-Chennai,Road,2116.3,444.3,21.33,26.59,5.26,True,1475.56,10.7,3,0
SHP-00685,2025-09-29,East,WH-Mumbai,Road,1053.6,264.0,14.87,15.6,0.73,True,716.12,5.4,5,0
SHP-00456,2025-09-29,North,WH-Kolkata,Road,463.5,404.9,6.39,7.63,1.24,True,558.73,5.2,4,0
SHP-00812,2025-09-30,South,WH-Kolkata,Road,155.5,671.1,2.73,2.7,-0.03,False,604.27,10.4,5,0
SHP-01016,2025-09-30,South,WH-Kolkata,Sea,843.7,568.2,7.47,7.53,0.06,True,319.56,11.9,5,0
SHP-00910,2025-09-30,North,WH-Mumbai,Sea,2198.1,402.4,11.93,13.4,1.47,True,513.39,7.8,4,0
SHP-00561,2025-09-30,North,WH-Kolkata,Rail,2174.3,276.0,18.82,19.53,0.71,True,823.25,3.0,5,0
SHP-00368,2025-09-30,South,WH-Chennai,Road,1078.4,225.6,11.68,14.1,2.42,True,634.96,3.8,4,0
SHP-00901,2025-10-01,West,WH-Mumbai,Road,2917.3,159.5,34.44,37.22,2.78,True,1630.7,3.0,4,0
SHP-00048,2025-10-01,North,WH-Bhopal,Rail,2777.3,430.4,19.85,24.14,4.29,True,1021.42,6.5,3,0
SHP-00985,2025-10-02,East,WH-Chennai,Road,234.2,267.6,3.39,4.0,0.61,True,377.48,7.6,4,0
SHP-00630,2025-10-02,West,WH-Delhi,Road,109.2,76.3,2.37,2.65,0.28,True,95.88,7.9,4,0
SHP-00435,2025-10-02,East,WH-Mumbai,Road,907.6,30.0,10.0,12.04,2.04,True,480.35,9.6,4,0
SHP-00319,2025-10-04,Central,WH-Chennai,Road,470.8,994.8,6.23,6.5,0.27,True,1031.93,11.5,4,0
SHP-00301,2025-10-04,West,WH-Mumbai,Air,1842.7,212.8,6.58,7.97,1.39,True,3414.56,11.1,4,0
SHP-00023,2025-10-04,East,WH-Bhopal,Air,2801.7,47.3,9.73,9.52,-0.21,False,4493.96,10.6,5,0
SHP-00842,2025-10-04,Central,WH-Bhopal,Sea,1745.8,685.5,10.79,11.68,0.89,True,559.33,8.5,4,0
SHP-00945,2025-10-04,West,WH-Delhi,Road,127.2,453.3,2.0,2.44,0.44,True,523.87,10.8,5,0
SHP-00538,2025-10-04,East,WH-Mumbai,Rail,1742.2,53.8,16.04,15.29,-0.75,False,707.09,3.5,5,0
SHP-00460,2025-10-05,West,WH-Delhi,Road,209.9,262.7,2.55,2.88,0.33,True,358.37,8.7,5,0
SHP-00556,2025-10-06,West,WH-Kolkata,Air,2801.0,115.6,10.44,10.13,-0.31,False,4602.88,5.0,4,0
SHP-00442,2025-10-06,West,WH-Bhopal,Sea,168.4,979.1,4.25,4.23,-0.02,False,291.09,9.3,5,0
SHP-00499,2025-10-07,North,WH-Kolkata,Air,1007.6,184.9,3.51,4.15,0.64,True,1965.71,4.3,4,0
SHP-00228,2025-10-07,North,WH-Chennai,Rail,548.9,371.4,7.03,7.03,0.0,False,377.42,9.3,5,0
SHP-00087,2025-10-07,South,WH-Chennai,Rail,1607.7,961.6,12.74,13.0,0.26,True,906.74,10.2,5,0
SHP-00361,2025-10-07,West,WH-Bhopal,Road,2344.9,280.9,22.06,29.19,7.13,True,1388.54,10.4,2,0
SHP-00339,2025-10-07,West,WH-Kolkata,Road,740.9,281.3,7.71,10.12,2.41,True,625.81,3.6,3,0
SHP-00354,2025-10-08,East,WH-Bhopal,Road,825.9,142.3,9.36,9.86,0.5,True,577.67,7.5,4,0
SHP-00832,2025-10-08,Central,WH-Mumbai,Sea,2517.8,718.7,13.79,15.58,1.79,True,723.74,6.4,4,0
SHP-00937,2025-10-09,West,WH-Bhopal,Air,2999.2,84.4,9.14,9.55,0.41,True,4922.19,4.5,5,0
SHP-00731,2025-10-09,East,WH-Kolkata,Road,2455.3,315.3,30.08,29.62,-0.46,False,1466.48,6.9,5,0
SHP-01118,2025-10-09,South,WH-Chennai,Road,1242.2,50.7,13.5,14.58,1.08,True,703.65,4.9,4,0
SHP-00860,2025-10-09,East,WH-Delhi,Road,2252.7,140.0,29.1,28.45,-0.65,False,1338.03,6.0,5,0
SHP-01120,2025-10-10,West,WH-Chennai,Road,1275.7,47.7,14.37,16.83,2.46,True,748.33,4.2,4,0
SHP-00736,2025-10-10,North,WH-Bhopal,Road,2886.1,153.8,38.65,37.13,-1.52,False,1552.27,2.4,4,1
SHP-00611,2025-10-10,East,WH-Mumbai,Road,1605.6,48.1,14.58,19.16,4.58,True,849.78,8.8,3,0
SHP-00133,2025-10-10,West,WH-Bhopal,Road,2470.4,374.9,31.91,30.76,-1.15,False,1412.73,7.2,5,0
SHP-00176,2025-10-10,Central,WH-Kolkata,Road,712.5,129.8,9.43,10.97,1.54,True,425.19,4.3,4,0
SHP-00316,2025-10-10,West,WH-Chennai,Road,2769.9,247.1,33.28,33.97,0.69,True,1484.08,3.0,4,1
SHP-00164,2025-10-11,West,WH-Kolkata,Road,1460.1,286.9,18.33,19.44,1.11,True,1058.38,10.3,4,0
SHP-00573,2025-10-11,South,WH-Mumbai,Road,2992.9,326.1,31.98,37.37,5.39,True,1711.92,9.7,3,0
SHP-00322,2025-10-11,North,WH-Bhopal,Road,1081.9,341.3,12.32,15.08,2.76,True,770.28,7.7,4,0
SHP-00158,2025-10-11,North,WH-Delhi,Sea,1223.4,890.0,9.72,9.37,-0.35,False,513.91,4.8,5,0
SHP-00808,2025-10-12,West,WH-Mumbai,Road,1207.5,154.2,15.77,15.94,0.17,True,701.15,11.6,5,0
SHP-00518,2025-10-12,South,WH-Chennai,Road,2500.8,128.8,27.37,31.27,3.9,True,1442.86,7.7,3,0
SHP-00468,2025-10-12,West,WH-Chennai,Road,2657.1,721.3,27.23,32.07,4.84,True,1925.22,2.1,3,0
SHP-01197,2025-10-12,North,WH-Bhopal,Road,2937.0,439.6,33.88,36.62,2.74,True,1948.15,5.3,4,0
SHP-00717,2025-10-13,East,WH-Mumbai,Road,2194.6,636.1,21.92,28.32,6.4,True,1611.91,7.4,3,0
SHP-00795,2025-10-13,Central,WH-Delhi,Road,1780.6,375.1,15.91,20.52,4.61,True,1194.41,8.2,3,0
SHP-01041,2025-10-13,West,WH-Mumbai,Rail,1328.7,122.6,10.08,13.0,2.92,True,410.58,6.3,3,0
SHP-00320,2025-10-13,North,WH-Chennai,Road,1551.8,406.7,19.19,18.85,-0.34,False,1062.12,6.4,5,0
SHP-00169,2025-10-13,North,WH-Kolkata,Road,2747.9,463.0,33.76,34.71,0.95,True,1753.22,11.0,4,0
SHP-00560,2025-10-13,West,WH-Kolkata,Road,1144.8,331.1,14.25,14.38,0.13,True,881.24,10.3,4,0
SHP-01151,2025-10-14,West,WH-Kolkata,Road,636.7,436.3,9.6,9.42,-0.18,False,713.02,2.7,5,0
SHP-00363,2025-10-15,North,WH-Bhopal,Road,1760.3,151.2,22.26,23.66,1.4,True,972.45,10.9,4,0
SHP-00761,2025-10-15,North,WH-Kolkata,Air,900.5,102.4,2.96,3.92,0.96,True,1654.23,12.0,4,0
SHP-00392,2025-10-15,North,WH-Delhi,Air,1572.6,134.3,5.02,6.64,1.62,True,2790.01,10.1,4,0
SHP-01059,2025-10-15,South,WH-Kolkata,Road,2856.8,152.1,33.53,35.19,1.66,True,1468.98,9.6,4,1
SHP-00300,2025-10-16,East,WH-Delhi,Road,736.1,116.1,8.34,9.79,1.45,True,410.21,4.9,4,0
SHP-01086,2025-10-16,North,WH-Bhopal,Rail,1312.3,430.2,10.01,12.21,2.2,True,624.03,5.9,4,1
SHP-01081,2025-10-16,West,WH-Delhi,Road,2300.8,332.0,21.57,28.48,6.91,True,1343.05,11.6,2,0
SHP-00106,2025-10-16,North,WH-Kolkata,Air,255.9,110.6,1.29,1.58,0.29,True,642.63,5.9,4,0
SHP-00943,2025-10-16,East,WH-Bhopal,Rail,2698.8,292.9,24.28,23.15,-1.13,False,931.35,4.7,4,0
SHP-00479,2025-10-16,North,WH-Delhi,Rail,1244.3,612.2,8.94,10.64,1.7,True,667.07,10.3,4,0
SHP-00723,2025-10-16,West,WH-Kolkata,Rail,2969.7,119.9,18.69,23.79,5.1,True,962.91,4.9,3,0
SHP-00449,2025-10-17,North,WH-Kolkata,Rail,909.7,254.3,7.88,10.1,2.22,True,435.7,11.7,4,0
SHP-00489,2025-10-17,West,WH-Chennai,Road,598.5,196.8,7.92,9.51,1.59,True,424.12,11.3,4,0
SHP-01175,2025-10-18,East,WH-Chennai,Road,2285.3,136.0,29.9,30.16,0.26,True,1276.78,10.8,4,0
SHP-01042,2025-10-18,Central,WH-Delhi,Sea,1220.3,984.2,7.37,9.42,2.05,True,510.82,5.4,4,0
SHP-01117,2025-10-19,East,WH-Mumbai,Sea,2088.3,187.2,9.62,12.66,3.04,True,457.69,11.1,3,0
SHP-00874,2025-10-19,East,WH-Kolkata,Sea,1474.9,1442.0,10.81,11.5,0.69,True,660.55,9.0,5,0
SHP-00627,2025-10-19,Central,WH-Delhi,Road,1476.4,220.5,16.23,17.86,1.63,True,958.98,3.2,4,0
SHP-01146,2025-10-20,North,WH-Chennai,Road,2426.8,206.7,32.77,31.5,-1.27,False,1429.01,8.8,5,0
SHP-00997,2025-10-20,North,WH-Delhi,Road,852.4,217.1,8.1,10.61,2.51,True,688.75,4.7,3,0
SHP-00119,2025-10-20,North,WH-Bhopal,Road,2334.0,141.2,25.09,28.43,3.34,True,1233.23,3.8,4,0
SHP-00791,2025-10-21,West,WH-Chennai,Road,1864.5,232.6,21.65,23.41,1.76,True,1150.92,3.9,4,0
SHP-00902,2025-10-21,West,WH-Bhopal,Rail,160.8,91.2,2.11,2.02,-0.09,False,191.28,5.0,5,0
SHP-00021,2025-10-21,West,WH-Mumbai,Road,1542.0,227.2,15.79,18.15,2.36,True,984.85,3.0,4,0
SHP-01181,2025-10-21,Central,WH-Delhi,Road,2796.1,77.4,29.75,36.6,6.85,True,1449.48,8.0,2,0
SHP-00227,2025-10-21,North,WH-Chennai,Rail,1629.3,63.3,14.77,15.17,0.4,True,529.2,11.6,5,0
SHP-01097,2025-10-21,South,WH-Bhopal,Rail,2489.1,51.0,19.6,21.25,1.65,True,787.84,4.3,3,0
SHP-00200,2025-10-22,South,WH-Chennai,Road,2921.5,267.6,27.52,36.52,9.0,True,1614.3,5.9,1,0
SHP-01056,2025-10-22,West,WH-Kolkata,Rail,2204.7,24.5,19.71,19.24,-0.47,False,666.14,3.6,4,0
SHP-01030,2025-10-23,West,WH-Mumbai,Rail,382.8,524.8,3.42,3.55,0.13,True,350.82,7.3,4,0
SHP-01054,2025-10-23,North,WH-Mumbai,Air,883.4,129.8,2.64,3.18,0.54,True,1657.7,10.7,5,0
SHP-01154,2025-10-23,North,WH-Kolkata,Road,2733.7,385.0,31.82,32.61,0.79,True,1631.89,5.5,5,0
SHP-00081,2025-10-23,Central,WH-Bhopal,Air,2994.8,71.0,10.96,10.61,-0.35,False,4887.54,11.3,4,0
SHP-01155,2025-10-24,West,WH-Bhopal,Road,2948.1,327.5,32.88,37.48,4.6,True,1699.7,10.9,3,0
SHP-00256,2025-10-25,North,WH-Mumbai,Road,1323.2,147.8,18.3,17.77,-0.53,False,731.26,2.7,5,0
SHP-00370,2025-10-26,Central,WH-Bhopal,Road,286.3,160.0,5.16,5.02,-0.14,False,288.21,4.4,4,0
SHP-01119,2025-10-26,East,WH-Kolkata,Air,2632.3,161.0,9.45,10.32,0.87,True,4530.52,9.5,5,0
SHP-00914,2025-10-27,North,WH-Bhopal,Road,1363.1,411.1,18.39,18.1,-0.29,False,985.33,10.4,5,0
SHP-00980,2025-10-27,South,WH-Mumbai,Air,945.3,83.9,3.79,4.57,0.78,True,1756.47,3.2,5,0
SHP-00858,2025-10-28,North,WH-Chennai,Road,1196.5,36.4,12.25,13.94,1.69,True,544.18,7.5,4,0
SHP-00094,2025-10-28,East,WH-Mumbai,Road,2373.6,446.4,26.02,29.68,3.66,True,1572.62,11.9,4,0
SHP-00625,2025-10-28,Central,WH-Delhi,Rail,1938.6,832.5,15.23,15.1,-0.13,False,1012.55,10.4,5,0
SHP-01133,2025-10-29,South,WH-Kolkata,Road,361.5,87.6,3.82,4.48,0.66,True,211.52,8.7,4,0
SHP-00341,2025-10-29,Central,WH-Mumbai,Air,1981.6,135.3,5.57,5.9,0.33,True,3540.88,6.5,4,0
SHP-01159,2025-10-29,North,WH-Kolkata,Road,2611.5,878.1,32.24,32.34,0.1,True,1856.0,6.2,5,0
SHP-00521,2025-10-29,Central,WH-Delhi,Air,2326.8,100.3,6.13,6.72,0.59,True,3838.94,7.5,5,0
SHP-00714,2025-10-30,Central,WH-Mumbai,Road,2630.1,111.6,25.17,32.07,6.9,True,1428.15,8.1,2,0
SHP-01099,2025-10-30,East,WH-Kolkata,Road,2392.0,317.0,23.89,29.4,5.51,True,1496.25,5.9,3,0
SHP-00781,2025-10-30,East,WH-Kolkata,Sea,1388.9,486.4,10.36,9.88,-0.48,False,351.69,10.8,5,0
SHP-01131,2025-10-30,North,WH-Delhi,Rail,630.4,279.6,5.37,5.52,0.15,True,433.18,11.3,5,0
SHP-00882,2025-10-30,North,WH-Bhopal,Rail,2289.0,290.3,17.25,20.09,2.84,True,868.32,4.0,4,0
SHP-00662,2025-10-30,East,WH-Chennai,Sea,1688.8,301.7,10.95,11.88,0.93,True,503.92,10.3,5,0
SHP-00302,2025-10-31,South,WH-Kolkata,Road,1237.9,340.0,14.53,15.66,1.13,True,946.36,7.0,4,0
SHP-00076,2025-10-31,South,WH-Mumbai,Road,2523.1,531.0,23.28,30.21,6.93,True,1690.77,4.6,2,0
SHP-00265,2025-10-31,Central,WH-Mumbai,Sea,2577.0,1563.0,12.41,16.48,4.07,True,944.27,7.8,3,0
SHP-00324,2025-10-31,West,WH-Delhi,Road,428.1,84.0,6.13,6.56,0.43,True,334.94,7.9,4,0
SHP-00274,2025-10-31,East,WH-Delhi,Rail,1783.7,751.3,14.0,15.75,1.75,True,980.68,9.4,4,0
SHP-01021,2025-11-01,West,WH-Mumbai,Road,2829.4,381.5,29.98,34.44,4.46,True,1685.26,6.0,3,0
SHP-00405,2025-11-01,West,WH-Chennai,Road,1605.1,192.1,17.09,20.69,3.6,True,948.74,5.4,4,0
SHP-00675,2025-11-01,North,WH-Bhopal,Road,1412.7,283.8,16.88,17.22,0.34,True,926.19,10.2,4,0
SHP-00378,2025-11-02,West,WH-Delhi,Road,2084.4,469.9,25.16,25.03,-0.13,False,1389.65,5.2,5,0
SHP-00792,2025-11-02,South,WH-Mumbai,Rail,1469.5,507.3,11.64,11.29,-0.35,False,781.87,5.6,4,0
SHP-00772,2025-11-02,West,WH-Bhopal,Rail,1830.6,124.7,14.97,15.1,0.13,True,545.65,8.7,4,0
SHP-00043,2025-11-03,North,WH-Kolkata,Road,1919.7,68.7,19.52,24.64,5.12,True,938.51,7.5,3,0
SHP-00187,2025-11-03,Central,WH-Mumbai,Road,2292.9,126.0,29.07,29.25,0.18,True,1166.42,3.5,4,0
SHP-00425,2025-11-04,North,WH-Kolkata,Rail,2535.0,438.7,16.79,19.06,2.27,True,981.14,3.3,4,1
SHP-00798,2025-11-04,North,WH-Delhi,Road,257.6,170.0,3.18,4.12,0.94,True,361.24,11.5,4,0
SHP-00248,2025-11-04,North,WH-Mumbai,Road,1364.6,260.5,13.85,17.22,3.37,True,862.35,11.6,3,0
SHP-01069,2025-11-05,South,WH-Bhopal,Rail,757.1,421.0,5.47,7.21,1.74,True,447.41,9.1,4,0
SHP-00018,2025-11-05,East,WH-Bhopal,Road,2595.7,419.8,33.76,34.53,0.77,True,1697.18,4.1,4,1
SHP-01169,2025-11-05,North,WH-Chennai,Road,108.2,317.0,2.04,2.41,0.37,True,419.73,5.2,5,0
SHP-00294,2025-11-06,North,WH-Kolkata,Rail,2022.1,793.8,16.11,18.74,2.63,True,997.21,4.7,4,0
SHP-00068,2025-11-06,South,WH-Kolkata,Sea,162.0,968.2,1.52,1.88,0.36,True,301.9,6.9,5,0
SHP-00741,2025-11-07,North,WH-Delhi,Road,1752.7,240.9,20.2,21.3,1.1,True,974.03,10.0,4,0
SHP-00424,2025-11-07,East,WH-Chennai,Rail,2327.7,162.9,16.7,17.97,1.27,True,838.64,7.2,5,0
SHP-00956,2025-11-07,North,WH-Mumbai,Sea,1261.9,1070.9,7.73,9.4,1.67,True,607.67,9.2,4,0
SHP-00716,2025-11-08,North,WH-Chennai,Road,1573.5,234.7,18.66,21.72,3.06,True,965.86,2.6,4,0
SHP-00894,2025-11-08,South,WH-Bhopal,Road,1846.6,388.8,22.04,23.97,1.93,True,1257.58,10.8,4,0
SHP-00653,2025-11-08,North,WH-Bhopal,Road,2959.7,394.8,38.29,37.22,-1.07,False,1759.72,9.9,5,1
SHP-01164,2025-11-09,North,WH-Chennai,Sea,2973.4,589.7,17.7,19.16,1.46,True,836.97,3.5,4,1
SHP-01172,2025-11-09,North,WH-Chennai,Rail,404.7,802.8,4.81,4.81,0.0,False,451.23,7.3,5,0
SHP-00381,2025-11-09,Central,WH-Mumbai,Road,494.1,413.4,8.02,8.1,0.08,True,556.45,6.4,5,0
SHP-00778,2025-11-09,West,WH-Mumbai,Road,600.4,294.1,7.49,7.64,0.15,True,473.61,10.1,4,0
SHP-00402,2025-11-10,West,WH-Chennai,Road,1976.8,60.1,24.58,23.84,-0.74,False,1014.53,5.7,4,0
SHP-00534,2025-11-10,East,WH-Chennai,Road,802.9,218.7,9.69,10.8,1.11,True,496.14,5.2,4,0
SHP-00025,2025-11-10,South,WH-Mumbai,Road,2080.2,92.6,23.93,25.97,2.04,True,1139.28,3.7,3,0
SHP-00940,2025-11-11,West,WH-Bhopal,Sea,1780.1,1194.5,10.09,12.96,2.87,True,602.65,4.5,3,0
SHP-00735,2025-11-11,North,WH-Kolkata,Road,2025.6,299.0,19.44,24.18,4.74,True,1209.25,8.3,3,0
SHP-00191,2025-11-11,North,WH-Bhopal,Rail,2622.9,657.5,18.92,23.02,4.1,True,1151.23,6.4,3,0
SHP-00380,2025-11-12,South,WH-Bhopal,Road,1896.7,306.4,23.76,24.6,0.84,True,1223.14,8.3,4,1
SHP-01141,2025-11-12,North,WH-Kolkata,Road,1499.7,926.7,17.58,19.99,2.41,True,1456.56,10.9,4,0
SHP-00050,2025-11-12,North,WH-Delhi,Road,89.6,375.5,1.96,2.26,0.3,True,318.8,3.3,4,0
SHP-01040,2025-11-12,East,WH-Chennai,Sea,411.8,499.2,4.21,4.36,0.15,True,170.32,3.0,4,0
SHP-00695,2025-11-12,South,WH-Delhi,Sea,476.5,216.0,3.88,4.37,0.49,True,240.51,9.6,4,0
SHP-00846,2025-11-13,Central,WH-Mumbai,Sea,1318.7,72.3,8.68,9.04,0.36,True,284.81,5.4,4,0
SHP-00661,2025-11-13,East,WH-Chennai,Road,1759.9,757.3,20.09,21.59,1.5,True,1499.88,2.4,4,0
SHP-00323,2025-11-13,South,WH-Mumbai,Road,1303.2,66.4,12.8,16.71,3.91,True,712.49,3.8,3,0
SHP-00647,2025-11-13,South,WH-Bhopal,Road,2515.6,190.7,32.52,32.47,-0.05,False,1452.53,7.9,4,0
SHP-00441,2025-11-14,East,WH-Bhopal,Road,1852.3,338.4,17.64,23.03,5.39,True,1214.69,10.9,3,0
SHP-00952,2025-11-14,West,WH-Bhopal,Air,105.8,342.1,0.62,0.79,0.17,True,1070.19,11.5,5,0
SHP-00197,2025-11-14,South,WH-Chennai,Sea,348.4,605.4,3.12,4.04,0.92,True,173.67,2.5,5,0
SHP-01023,2025-11-14,North,WH-Delhi,Rail,351.7,319.4,2.94,2.83,-0.11,False,207.51,5.5,5,0
SHP-00184,2025-11-14,Central,WH-Chennai,Road,915.4,208.1,9.59,12.02,2.43,True,633.59,8.7,4,0
SHP-00434,2025-11-15,North,WH-Chennai,Rail,327.3,504.4,4.46,4.6,0.14,True,312.06,4.5,4,0
SHP-00869,2025-11-15,East,WH-Mumbai,Road,1735.1,844.2,18.74,21.09,2.35,True,1519.92,4.6,3,0
SHP-01013,2025-11-15,Central,WH-Bhopal,Road,2629.5,132.5,28.04,32.21,4.17,True,1445.67,9.8,3,0
SHP-01166,2025-11-15,West,WH-Kolkata,Air,653.9,206.3,2.7,3.33,0.63,True,1518.16,4.3,4,0
SHP-01033,2025-11-16,East,WH-Kolkata,Road,1974.8,130.4,26.24,25.23,-1.01,False,1182.92,11.6,4,0
SHP-00041,2025-11-16,North,WH-Chennai,Road,887.0,459.2,9.47,11.59,2.12,True,806.96,8.6,4,0
SHP-01031,2025-11-16,West,WH-Delhi,Rail,2132.4,1080.3,16.78,19.25,2.47,True,1215.05,7.6,4,0
SHP-00995,2025-11-16,West,WH-Mumbai,Road,936.4,87.1,12.06,12.54,0.48,True,586.89,10.1,5,0
SHP-00938,2025-11-16,South,WH-Mumbai,Road,770.0,422.3,10.31,10.86,0.55,True,690.86,10.6,5,0
SHP-01012,2025-11-17,West,WH-Mumbai,Road,2392.0,131.2,25.71,29.24,3.53,True,1287.1,8.4,3,0
SHP-00620,2025-11-17,West,WH-Kolkata,Rail,2924.3,498.1,21.94,25.61,3.67,True,1177.53,2.4,4,0
SHP-00385,2025-11-17,South,WH-Mumbai,Road,1563.9,131.4,19.8,19.75,-0.05,False,888.79,9.3,4,0
SHP-01090,2025-11-18,North,WH-Chennai,Air,420.1,40.8,1.76,1.73,-0.03,False,687.2,7.4,5,0
SHP-00966,2025-11-18,West,WH-Delhi,Air,2525.0,190.2,9.45,10.18,0.73,True,4390.23,6.0,4,0
SHP-00391,2025-11-18,Central,WH-Delhi,Rail,1099.6,538.7,9.95,10.52,0.57,True,616.07,2.4,4,0
SHP-00512,2025-11-19,East,WH-Chennai,Road,488.5,13.9,5.76,7.05,1.29,True,244.38,11.6,4,0
SHP-00358,2025-11-19,Central,WH-Delhi,Road,2066.1,254.3,28.03,27.8,-0.23,False,1320.54,6.7,4,1
SHP-00351,2025-11-19,North,WH-Delhi,Road,929.3,120.7,9.87,12.45,2.58,True,538.11,8.8,3,0
SHP-01144,2025-11-20,East,WH-Chennai,Road,319.2,400.0,4.84,4.82,-0.02,False,494.11,4.5,5,0
SHP-00222,2025-11-20,Central,WH-Mumbai,Rail,1819.7,523.0,13.95,16.46,2.51,True,744.16,3.0,3,0
SHP-01110,2025-11-20,South,WH-Delhi,Road,1723.0,261.7,18.23,22.13,3.9,True,1147.78,5.4,4,0
SHP-00984,2025-11-20,West,WH-Kolkata,Road,1243.7,304.8,12.48,16.01,3.53,True,944.54,5.1,4,0
SHP-00487,2025-11-21,North,WH-Bhopal,Road,2657.0,113.0,33.49,33.56,0.07,True,1473.34,9.9,5,0
SHP-00496,2025-11-21,West,WH-Kolkata,Air,1670.3,59.8,6.36,6.93,0.57,True,2717.22,2.9,5,0
SHP-00229,2025-11-21,South,WH-Bhopal,Road,1001.2,472.7,10.96,12.81,1.85,True,862.01,2.6,4,0
SHP-00982,2025-11-22,North,WH-Mumbai,Road,2973.6,495.8,31.04,36.05,5.01,True,1803.54,2.4,3,0
SHP-00848,2025-11-22,East,WH-Delhi,Road,928.4,320.5,11.9,14.17,2.27,True,743.01,8.8,4,0
SHP-00408,2025-11-22,North,WH-Chennai,Road,2669.2,56.6,30.46,32.99,2.53,True,1397.91,4.9,4,0
SHP-00238,2025-11-22,West,WH-Chennai,Road,2778.7,537.5,31.45,33.59,2.14,True,1813.32,8.2,4,0
SHP-00097,2025-11-23,North,WH-Chennai,Road,81.9,314.1,1.94,2.48,0.54,True,241.8,4.0,5,0
SHP-00623,2025-11-23,North,WH-Mumbai,Road,678.0,284.8,9.06,11.01,1.95,True,618.15,11.6,4,0
SHP-00154,2025-11-23,East,WH-Chennai,Rail,347.8,184.8,2.21,2.54,0.33,True,219.14,6.1,4,0
SHP-01147,2025-11-24,West,WH-Bhopal,Road,369.1,449.3,5.45,5.26,-0.19,False,623.85,10.9,5,0
SHP-01055,2025-11-24,East,WH-Mumbai,Road,1687.7,365.8,21.4,20.92,-0.48,False,1146.14,5.0,5,0
SHP-00113,2025-11-24,North,WH-Kolkata,Rail,2303.7,165.5,16.26,21.56,5.3,True,812.29,6.6,3,0
SHP-01035,2025-11-24,West,WH-Mumbai,Rail,1107.2,206.4,8.95,9.78,0.83,True,460.67,3.5,4,1
SHP-01015,2025-11-25,Central,WH-Delhi,Rail,2342.8,338.5,18.25,19.04,0.79,True,883.54,8.2,5,0
SHP-00046,2025-11-25,North,WH-Delhi,Road,1194.9,255.1,15.12,14.43,-0.69,False,834.35,8.4,5,0
SHP-01125,2025-11-26,East,WH-Delhi,Road,387.6,29.3,3.61,4.09,0.48,True,207.52,10.2,5,0
SHP-01094,2025-11-26,East,WH-Delhi,Road,1026.5,303.2,11.75,13.49,1.74,True,721.83,6.0,4,0
SHP-00811,2025-11-26,North,WH-Kolkata,Rail,2450.2,376.3,16.3,21.57,5.27,True,964.24,5.2,4,0
SHP-00515,2025-11-26,East,WH-Chennai,Road,158.1,334.4,3.26,3.31,0.05,True,346.7,10.9,4,0
SHP-00683,2025-11-26,South,WH-Delhi,Air,2099.7,128.3,5.91,6.83,0.92,True,3635.09,7.5,4,0
SHP-00951,2025-11-27,North,WH-Delhi,Road,814.7,91.1,11.02,11.79,0.77,True,402.21,5.0,4,0
SHP-00598,2025-11-27,West,WH-Delhi,Air,2886.8,82.5,8.69,10.21,1.52,True,4751.53,7.3,4,1
SHP-00011,2025-11-27,North,WH-Chennai,Road,815.2,123.6,11.86,11.55,-0.31,False,440.41,11.4,4,0
SHP-00170,2025-11-27,East,WH-Mumbai,Sea,383.5,326.8,5.42,5.24,-0.18,False,185.68,2.4,4,0
SHP-01111,2025-11-28,North,WH-Delhi,Rail,1705.4,766.8,12.54,14.04,1.5,True,879.67,8.8,4,0
SHP-01000,2025-11-29,North,WH-Mumbai,Road,787.1,187.0,9.86,10.64,0.78,True,486.76,11.2,4,0
SHP-01025,2025-11-30,Central,WH-Kolkata,Rail,2427.1,1429.6,18.44,21.11,2.67,True,1495.98,8.1,4,0
SHP-00970,2025-12-01,North,WH-Mumbai,Road,2076.3,244.5,25.16,26.32,1.16,True,1284.17,10.6,5,0
SHP-00976,2025-12-01,Central,WH-Kolkata,Road,815.7,255.6,12.11,11.91,-0.2,False,618.12,10.8,5,0
SHP-00796,2025-12-01,North,WH-Kolkata,Sea,1891.9,376.5,12.84,12.43,-0.41,False,474.03,5.2,5,0
SHP-00801,2025-12-01,East,WH-Bhopal,Road,1645.9,547.6,19.37,20.57,1.2,True,1299.54,9.5,4,0
SHP-00500,2025-12-02,North,WH-Delhi,Air,2177.4,143.6,7.12,8.2,1.08,True,3740.35,7.4,4,0
SHP-00827,2025-12-02,North,WH-Bhopal,Road,148.3,318.3,2.23,2.54,0.31,True,297.99,7.1,5,0
SHP-00526,2025-12-03,North,WH-Mumbai,Road,753.4,616.6,12.13,11.74,-0.39,False,880.15,10.7,4,0
SHP-00872,2025-12-03,North,WH-Chennai,Road,271.8,462.3,3.8,3.91,0.11,True,456.31,9.7,4,0
SHP-00794,2025-12-04,West,WH-Chennai,Road,1119.4,105.5,12.92,15.2,2.28,True,688.56,4.4,4,0
SHP-00251,2025-12-04,Central,WH-Chennai,Rail,413.7,137.6,4.61,4.61,0.0,False,208.59,10.5,4,0
SHP-00292,2025-12-04,East,WH-Kolkata,Road,828.8,176.5,10.69,10.48,-0.21,False,520.83,2.3,5,0
SHP-00085,2025-12-04,South,WH-Chennai,Sea,1483.8,191.6,11.17,11.38,0.21,True,359.51,9.7,5,0
SHP-00577,2025-12-05,North,WH-Delhi,Road,732.4,228.0,9.43,11.07,1.64,True,525.07,7.1,5,0
SHP-01046,2025-12-05,East,WH-Bhopal,Rail,752.4,1050.8,6.4,6.48,0.08,True,638.02,10.6,4,0
SHP-00617,2025-12-05,West,WH-Bhopal,Air,429.8,157.3,0.55,0.61,0.06,True,990.28,8.9,5,0
SHP-00504,2025-12-06,West,WH-Chennai,Rail,2378.7,370.0,15.95,19.25,3.3,True,898.2,11.8,3,0
SHP-00813,2025-12-06,South,WH-Delhi,Road,1608.3,601.1,16.71,20.66,3.95,True,1312.15,3.8,3,0
SHP-00056,2025-12-06,North,WH-Chennai,Air,2767.4,8.4,7.76,10.22,2.46,True,4359.09,3.5,4,0
SHP-00285,2025-12-06,West,WH-Mumbai,Air,807.2,25.8,2.67,3.13,0.46,True,1249.34,7.5,4,0
SHP-00168,2025-12-06,West,WH-Chennai,Sea,801.6,439.3,6.65,6.59,-0.06,False,214.19,2.1,4,0
SHP-00476,2025-12-07,East,WH-Bhopal,Sea,1535.7,860.2,9.98,9.78,-0.2,False,604.59,4.2,5,0
SHP-00730,2025-12-07,East,WH-Chennai,Rail,1365.0,932.1,12.66,12.54,-0.12,False,854.69,3.8,5,0
SHP-00784,2025-12-07,Central,WH-Mumbai,Road,1174.6,206.8,15.12,14.86,-0.26,False,864.63,2.5,5,0
SHP-00565,2025-12-08,West,WH-Chennai,Road,1179.7,103.8,14.98,16.23,1.25,True,578.19,9.2,4,0
SHP-00364,2025-12-08,South,WH-Mumbai,Road,1875.9,284.2,19.79,24.91,5.12,True,1128.3,6.5,3,0
SHP-00621,2025-12-08,South,WH-Bhopal,Road,186.5,141.0,1.71,1.76,0.05,True,234.65,5.8,5,0
SHP-00734,2025-12-08,Central,WH-Mumbai,Road,1716.8,264.6,17.18,21.88,4.7,True,1023.27,5.5,3,0
SHP-00404,2025-12-08,West,WH-Delhi,Air,1685.2,19.7,5.26,5.73,0.47,True,2731.06,3.6,4,0
SHP-00394,2025-12-08,North,WH-Mumbai,Road,2079.3,192.7,26.4,26.81,0.41,True,1218.37,5.2,4,0
SHP-00211,2025-12-09,Central,WH-Delhi,Road,2305.7,412.3,27.09,29.49,2.4,True,1423.54,9.1,4,0
SHP-00099,2025-12-10,North,WH-Delhi,Road,384.1,541.7,4.75,5.71,0.96,True,574.99,9.5,4,0
SHP-01194,2025-12-10,Central,WH-Kolkata,Road,1132.6,51.7,13.18,14.55,1.37,True,599.85,6.8,5,0
SHP-00020,2025-12-10,North,WH-Bhopal,Road,1792.9,177.5,19.98,23.78,3.8,True,1048.99,11.0,4,0
SHP-00096,2025-12-11,South,WH-Chennai,Sea,1014.3,643.8,6.32,7.33,1.01,True,351.05,8.1,4,0
SHP-00029,2025-12-11,Central,WH-Delhi,Road,1370.3,28.7,16.43,17.17,0.74,True,724.15,9.2,5,0
SHP-00243,2025-12-12,South,WH-Chennai,Road,1014.0,74.1,11.45,12.99,1.54,True,705.51,11.5,4,0
SHP-00261,2025-12-12,North,WH-Delhi,Air,358.5,328.3,0.61,0.64,0.03,True,1388.85,7.1,4,0
SHP-00853,2025-12-12,South,WH-Delhi,Air,1852.0,16.8,4.52,5.53,1.01,True,2978.05,11.7,5,0
SHP-01161,2025-12-12,South,WH-Mumbai,Rail,55.3,735.7,1.62,1.91,0.29,True,362.92,4.1,4,0
SHP-01132,2025-12-12,West,WH-Chennai,Road,2692.2,404.0,31.99,31.71,-0.28,False,1701.1,6.5,5,0
SHP-00438,2025-12-12,Central,WH-Kolkata,Air,995.4,88.8,4.53,4.35,-0.18,False,1777.71,3.5,5,0
SHP-00136,2025-12-12,South,WH-Mumbai,Air,989.4,103.2,4.3,5.6,1.3,True,1786.71,6.3,4,0
SHP-00054,2025-12-12,South,WH-Delhi,Road,2426.5,359.6,23.87,29.54,5.67,True,1580.35,9.6,3,0
SHP-00636,2025-12-12,West,WH-Bhopal,Road,375.0,110.1,4.24,5.13,0.89,True,293.5,10.1,4,0
SHP-00797,2025-12-13,South,WH-Kolkata,Sea,1977.2,294.8,12.48,13.79,1.31,True,427.42,8.8,4,0
SHP-01183,2025-12-13,Central,WH-Kolkata,Road,1248.4,264.0,11.51,14.44,2.93,True,897.74,4.8,3,0
SHP-00650,2025-12-14,South,WH-Bhopal,Road,565.1,600.1,6.54,6.61,0.07,True,757.64,10.5,4,0
SHP-00172,2025-12-14,Central,WH-Kolkata,Air,2284.8,48.4,6.3,7.29,0.99,True,3654.12,7.7,4,0
SHP-00690,2025-12-14,East,WH-Bhopal,Road,1013.7,576.2,15.3,14.78,-0.52,False,909.87,9.4,5,0
SHP-00763,2025-12-14,North,WH-Mumbai,Sea,896.1,380.4,4.78,5.92,1.14,True,334.09,2.6,4,0
SHP-00340,2025-12-15,East,WH-Mumbai,Air,845.4,14.6,3.29,3.4,0.11,True,1334.49,2.2,4,0
SHP-01034,2025-12-15,West,WH-Kolkata,Road,2332.7,742.5,28.93,27.66,-1.27,False,1667.8,7.7,5,0
SHP-00291,2025-12-15,West,WH-Kolkata,Road,2323.5,392.0,20.78,27.69,6.91,True,1545.65,7.8,3,0
SHP-00002,2025-12-15,West,WH-Delhi,Rail,2583.3,518.2,18.4,21.3,2.9,True,1089.29,2.7,3,0
SHP-00461,2025-12-15,North,WH-Delhi,Air,2190.2,18.5,7.02,7.32,0.3,True,3501.89,9.0,5,0
SHP-00239,2025-12-15,North,WH-Chennai,Rail,2367.7,148.1,20.41,20.5,0.09,True,812.51,4.9,4,0
SHP-00421,2025-12-16,South,WH-Kolkata,Sea,1379.6,1513.9,9.38,9.7,0.32,True,674.24,3.4,4,0
SHP-00950,2025-12-16,East,WH-Chennai,Sea,298.9,229.0,2.76,2.72,-0.04,False,118.59,6.1,4,0
SHP-00953,2025-12-16,East,WH-Bhopal,Rail,155.9,449.7,0.71,0.9,0.19,True,261.08,3.2,4,0
SHP-00867,2025-12-16,East,WH-Kolkata,Sea,2837.7,750.3,15.39,19.01,3.62,True,766.2,5.5,4,0
SHP-00075,2025-12-17,East,WH-Bhopal,Rail,994.3,962.0,6.7,7.37,0.67,True,804.5,4.4,4,0
SHP-00744,2025-12-17,East,WH-Bhopal,Air,2948.6,205.9,9.82,10.58,0.76,True,5174.17,10.4,4,0
SHP-00140,2025-12-18,East,WH-Chennai,Road,256.8,81.3,2.14,2.5,0.36,True,193.18,4.2,5,0
SHP-00246,2025-12-18,East,WH-Chennai,Road,193.3,251.8,2.15,2.1,-0.05,False,307.41,9.4,5,0
SHP-00834,2025-12-18,West,WH-Delhi,Road,449.0,170.2,4.21,5.47,1.26,True,380.35,8.4,4,0
SHP-01095,2025-12-19,West,WH-Kolkata,Road,2233.9,54.6,23.33,28.52,5.19,True,1180.65,3.9,3,0
SHP-01062,2025-12-19,North,WH-Delhi,Rail,2229.5,1039.4,17.98,19.91,1.93,True,1279.95,8.8,4,0
SHP-00390,2025-12-20,South,WH-Bhopal,Sea,1329.6,140.1,8.98,10.31,1.33,True,329.06,3.8,4,0
SHP-00423,2025-12-21,South,WH-Bhopal,Rail,2869.1,679.9,19.65,23.28,3.63,True,1252.18,6.5,3,0
SHP-00878,2025-12-21,West,WH-Bhopal,Air,1275.5,253.8,5.64,6.03,0.39,True,2724.58,3.7,5,0
SHP-00377,2025-12-21,North,WH-Mumbai,Road,104.2,182.4,1.33,1.3,-0.03,False,173.39,5.3,4,0
SHP-00558,2025-12-21,North,WH-Delhi,Road,1909.8,81.0,23.21,24.11,0.9,True,1021.23,10.0,4,0
SHP-00999,2025-12-22,Central,WH-Delhi,Road,658.3,392.6,7.3,9.23,1.93,True,737.42,3.2,4,0
SHP-01143,2025-12-22,East,WH-Kolkata,Road,2816.3,360.3,28.28,33.8,5.52,True,1750.92,8.5,2,0
SHP-00482,2025-12-23,North,WH-Bhopal,Road,864.9,222.5,10.58,11.55,0.97,True,547.1,8.0,4,1
SHP-00699,2025-12-23,North,WH-Bhopal,Sea,211.3,645.3,2.79,2.74,-0.05,False,243.73,11.8,5,0
SHP-00541,2025-12-23,North,WH-Chennai,Road,1911.0,774.4,25.04,24.7,-0.34,False,1573.13,6.7,5,0
SHP-00746,2025-12-24,North,WH-Bhopal,Road,2374.4,378.7,24.84,30.05,5.21,True,1456.88,4.7,3,0
SHP-00686,2025-12-24,South,WH-Mumbai,Road,69.2,207.5,1.65,1.98,0.33,True,143.35,8.0,5,0
SHP-00132,2025-12-25,Central,WH-Bhopal,Road,877.6,737.1,10.08,11.07,0.99,True,1009.22,10.2,4,0
SHP-00181,2025-12-25,West,WH-Bhopal,Rail,2631.2,435.5,16.89,21.78,4.89,True,1095.71,6.1,3,0
SHP-00122,2025-12-26,East,WH-Delhi,Rail,1736.3,344.9,13.8,15.65,1.85,True,666.13,5.9,4,0
SHP-00252,2025-12-26,East,WH-Bhopal,Road,485.0,580.1,6.07,7.24,1.17,True,752.6,9.0,4,0
SHP-00014,2025-12-26,Central,WH-Mumbai,Sea,2597.1,382.9,17.01,16.76,-0.25,False,660.66,5.1,5,0
SHP-01126,2025-12-26,East,WH-Mumbai,Road,951.0,83.9,10.77,13.04,2.27,True,588.99,4.1,4,0
SHP-00359,2025-12-26,West,WH-Kolkata,Rail,2067.4,369.7,14.08,18.67,4.59,True,855.46,8.6,3,0
SHP-00830,2025-12-26,West,WH-Mumbai,Road,1955.0,40.5,25.67,26.47,0.8,True,935.37,9.0,4,0
SHP-00063,2025-12-26,North,WH-Bhopal,Road,928.2,147.9,13.07,13.03,-0.04,False,519.78,11.4,5,0
SHP-00648,2025-12-27,West,WH-Mumbai,Road,1274.7,378.7,16.4,16.29,-0.11,False,960.82,9.2,4,0
SHP-01037,2025-12-27,East,WH-Chennai,Sea,1946.2,763.9,12.7,13.92,1.22,True,597.86,10.0,4,0
SHP-00559,2025-12-27,East,WH-Delhi,Road,2216.1,459.0,23.96,26.56,2.6,True,1501.62,4.8,4,0
SHP-00899,2025-12-29,South,WH-Chennai,Sea,368.8,468.4,4.84,5.03,0.19,True,247.26,6.2,5,0
SHP-01134,2025-12-29,East,WH-Chennai,Road,2134.3,92.6,22.5,26.41,3.91,True,1151.14,4.7,3,0
SHP-01186,2025-12-30,South,WH-Chennai,Sea,2843.2,1238.8,19.51,20.09,0.58,True,1000.5,6.9,4,0
SHP-00631,2025-12-30,East,WH-Chennai,Rail,2676.9,186.7,23.17,23.32,0.15,True,934.24,7.4,5,0
SHP-00038,2025-12-30,West,WH-Chennai,Road,1241.7,366.9,18.1,17.65,-0.45,False,865.87,3.4,5,0
SHP-01101,2025-12-31,North,WH-Bhopal,Road,2053.5,810.0,20.62,25.55,4.93,True,1622.19,4.3,3,0
SHP-00619,2025-12-31,North,WH-Delhi,Road,2687.2,165.5,25.28,33.4,8.12,True,1439.12,9.1,2,0
SHP-00941,2025-12-31,North,WH-Kolkata,Road,820.7,40.5,9.56,10.98,1.42,True,466.78,9.5,4,0
SHP-00420,2025-12-31,East,WH-Kolkata,Road,2337.2,647.9,22.52,29.8,7.28,True,1611.04,3.8,2,0
SHP-00890,2025-12-31,East,WH-Bhopal,Road,2024.1,316.2,28.57,27.57,-1.0,False,1344.19,3.3,5,1
SHP-00313,2025-12-31,West,WH-Chennai,Rail,288.1,157.9,2.1,2.38,0.28,True,196.37,9.4,4,0
SHP-00720,2025-12-31,Central,WH-Delhi,Road,2038.9,35.8,24.05,24.68,0.63,True,1059.17,8.3,5,0
